-- phpMyAdmin SQL Dump
-- version 4.7.7
-- https://www.phpmyadmin.net/
--
-- Host: localhost
-- Generation Time: Feb 18, 2018 at 10:26 AM
-- Server version: 10.1.30-MariaDB
-- PHP Version: 7.1.13

SET SQL_MODE = "NO_AUTO_VALUE_ON_ZERO";
SET AUTOCOMMIT = 0;
START TRANSACTION;
SET time_zone = "+00:00";


/*!40101 SET @OLD_CHARACTER_SET_CLIENT=@@CHARACTER_SET_CLIENT */;
/*!40101 SET @OLD_CHARACTER_SET_RESULTS=@@CHARACTER_SET_RESULTS */;
/*!40101 SET @OLD_COLLATION_CONNECTION=@@COLLATION_CONNECTION */;
/*!40101 SET NAMES utf8mb4 */;

--
-- Database: `db_sumber_air`
--

-- --------------------------------------------------------

--
-- Table structure for table `t_ekonomi`
--

CREATE TABLE `t_ekonomi` (
  `id` int(11) NOT NULL,
  `id_sa` varchar(50) NOT NULL,
  `keberadaan_iuran` enum('ada','tidak ada') NOT NULL,
  `besaran_tarif` varchar(30) NOT NULL,
  `minat_utk_peningkat` enum('minat','tidak minat') NOT NULL,
  `peningkatan_retribusi` enum('berminat','tidak bersedia') NOT NULL,
  `besaran_retribusi` varchar(30) NOT NULL
) ENGINE=InnoDB DEFAULT CHARSET=latin1;

--
-- Dumping data for table `t_ekonomi`
--

INSERT INTO `t_ekonomi` (`id`, `id_sa`, `keberadaan_iuran`, `besaran_tarif`, `minat_utk_peningkat`, `peningkatan_retribusi`, `besaran_retribusi`) VALUES
(1, 'id_sa', '', 'besaran_tarif', '', '', 'besaran_retribusi'),
(2, 'SA2', 'ada', '3000', 'minat', '', '5000'),
(3, 'SA3', 'tidak ada', '', '', '', ''),
(4, 'SA4', 'ada', '5000', 'minat', '', '6000'),
(5, 'SA5', 'ada', '2000/kubik', 'minat', '', ''),
(6, 'SA6', 'ada', '10.000/ 10 hari', '', '', ''),
(7, 'SA7', 'tidak ada', '', '', '', ''),
(8, 'SA8', 'tidak ada', '', '', '', ''),
(9, 'SA9', '', '', '', '', ''),
(10, 'SA10', 'tidak ada', '', 'minat', '', ''),
(11, 'SA11', 'tidak ada', '', '', '', ''),
(12, 'SA12', '', '', '', '', ''),
(13, 'SA13', 'tidak ada', '', '', '', ''),
(14, 'SA14', 'tidak ada', '', '', '', ''),
(15, 'SA15', 'tidak ada', '', '', '', ''),
(16, 'SA16', '', '', '', '', ''),
(17, 'SA17', '', '', '', '', ''),
(18, 'SA18', '', '', '', '', ''),
(19, 'SA19', '', '', '', '', ''),
(20, 'SA20', '', '', '', '', ''),
(21, 'SA21', '', '', '', '', ''),
(22, 'SA22', '', '', '', '', ''),
(23, 'SA23', 'tidak ada', '', '', '', ''),
(24, 'SA24', 'tidak ada', '', '', '', ''),
(25, 'SA25', 'tidak ada', '', '', '', ''),
(26, 'SA26', 'tidak ada', '', '', '', ''),
(27, 'SA27', 'tidak ada', '', '', '', ''),
(28, 'SA28', 'ada', '2000-5000 per bulan', 'minat', '', ''),
(29, 'SA29', 'tidak ada', 'Rp. 20.000,00', '', 'berminat', ''),
(30, 'SA30', 'ada', '2.000 - 10.000', '', '', ''),
(31, 'SA31', 'tidak ada', '', '', 'tidak bersedia', ''),
(32, 'SA32', 'tidak ada', '', '', 'tidak bersedia', ''),
(34, 'SA34', 'tidak ada', '', '', 'tidak bersedia', ''),
(35, 'SA35', 'tidak ada', '', '', 'tidak bersedia', ''),
(36, 'SA36', 'tidak ada', '', '', 'tidak bersedia', ''),
(37, 'SA37', 'tidak ada', '', '', 'tidak bersedia', ''),
(38, 'SA38', 'tidak ada', '', '', 'tidak bersedia', ''),
(39, 'SA39', 'tidak ada', '', '', 'tidak bersedia', ''),
(40, 'SA40', 'tidak ada', '', '', 'tidak bersedia', ''),
(41, 'SA41', 'ada', '', '', '', ''),
(42, 'SA42', 'tidak ada', '', '', 'tidak bersedia', ''),
(43, 'SA43', 'tidak ada', '', '', 'tidak bersedia', ''),
(44, 'SA44', 'tidak ada', '', '', 'tidak bersedia', ''),
(45, 'SA45', 'tidak ada', '', '', 'tidak bersedia', ''),
(46, 'SA46', 'tidak ada', '', '', 'tidak bersedia', ''),
(47, 'SA47', 'tidak ada', '', '', 'tidak bersedia', ''),
(48, 'SA48', '', '-', '', '', ''),
(49, 'SA49', '', '-', '', '', ''),
(50, 'SA50', '', '-', '', '', ''),
(51, '', 'tidak ada', '', '', 'tidak bersedia', ''),
(52, '', 'tidak ada', '', '', 'tidak bersedia', ''),
(53, '', 'tidak ada', '', '', 'tidak bersedia', ''),
(54, '', 'tidak ada', '', '', 'tidak bersedia', ''),
(55, 'SA55', '', '', '', '', ''),
(56, 'SA56', '', '', '', '', ''),
(57, 'SA57', '', '', '', '', ''),
(58, 'SA58', '', '', '', '', ''),
(59, 'SA59', '', '', '', '', ''),
(60, 'SA60', '', '', '', '', ''),
(61, 'SA61', '', '', '', '', ''),
(62, 'SA62', '', '', '', '', ''),
(63, 'SA63', '', '', '', '', ''),
(64, 'SA64', '', '', '', '', ''),
(65, 'SA65', '', '', '', '', ''),
(66, 'SA66', '', '', '', '', ''),
(67, 'SA67', '', '', '', '', ''),
(68, 'SA68', '', '', '', '', ''),
(69, 'SA69', '', '', '', '', ''),
(70, 'SA70', '', '', '', '', ''),
(71, 'SA71', '', '', '', '', ''),
(72, 'SA72', '', '', '', '', ''),
(73, 'SA73', '', '', '', '', ''),
(74, 'SA74', '', '', '', '', ''),
(75, 'SA75', '', '', '', '', ''),
(76, 'SA76', '', '', '', '', ''),
(77, 'SA77', '', '', '', '', ''),
(78, 'SA78', '', '', '', '', ''),
(79, 'SA79', '', '', '', '', ''),
(80, 'SA80', '', '', '', '', ''),
(81, 'SA81', '', '', '', '', ''),
(82, 'SA82', '', '', '', '', ''),
(83, 'SA83', '', '', '', '', ''),
(84, 'SA84', '', '', '', '', ''),
(85, 'SA85', '', '', '', '', ''),
(86, 'SA86', '', '', '', '', ''),
(87, 'SA87', '', '', '', '', ''),
(88, 'SA88', '', '', '', '', ''),
(89, 'SA89', '', '', '', '', ''),
(90, 'SA90', '', '', '', '', ''),
(91, 'SA91', '', '', '', '', ''),
(92, 'SA92', '', '', '', '', ''),
(93, 'SA93', '', '', '', '', ''),
(94, 'SA94', '', '', '', '', ''),
(95, 'SA95', '', '', '', '', ''),
(96, 'SA96', '', '', '', '', ''),
(97, 'SA97', '', '', '', '', ''),
(98, 'SA98', '', '', '', '', ''),
(99, 'SA99', '', '', '', '', ''),
(100, 'SA100', '', '', '', '', ''),
(101, 'SA101', '', '', '', '', ''),
(102, 'SA102', '', '', '', '', ''),
(103, 'SA103', '', '', '', '', ''),
(104, 'SA104', '', '', '', '', ''),
(105, 'SA105', '', '', '', '', ''),
(106, 'SA106', '', '', '', '', ''),
(107, 'SA107', '', '', '', '', ''),
(108, 'SA108', '', '', '', '', ''),
(109, 'SA109', '', '', '', '', ''),
(110, 'SA110', '', '', '', '', ''),
(111, 'SA111', '', '', '', '', ''),
(112, 'SA112', '', '', '', '', ''),
(113, 'SA113', '', '', '', '', ''),
(114, 'SA114', '', '', '', '', ''),
(115, 'SA115', '', '', '', '', ''),
(116, 'SA116', '', '', '', '', ''),
(117, 'SA117', '', '', '', '', ''),
(118, 'SA118', '', '', '', '', ''),
(119, 'SA119', '', '', '', '', ''),
(120, 'SA120', '', '', '', '', ''),
(121, 'SA121', '', '', '', '', ''),
(122, 'SA122', '', '', '', '', ''),
(123, 'SA123', '', '', '', '', ''),
(124, 'SA124', '', '', '', '', ''),
(125, 'SA125', '', '', '', '', ''),
(126, 'SA126', '', '', '', '', ''),
(127, 'SA127', '', '', '', '', ''),
(128, 'SA128', '', '', '', '', ''),
(129, 'SA129', '', '', '', '', ''),
(130, 'SA130', '', '', '', '', ''),
(131, 'SA131', '', '', '', '', ''),
(132, 'SA132', '', '', '', '', ''),
(133, 'SA133', '', '', '', '', ''),
(134, 'SA134', '', '', '', '', ''),
(135, 'SA135', '', '', '', '', ''),
(136, 'SA136', '', '', '', '', ''),
(137, 'SA137', '', '', '', '', ''),
(138, 'SA138', '', '', '', '', ''),
(139, 'SA139', '', '', '', '', ''),
(140, 'SA140', '', '', '', '', ''),
(141, 'SA141', '', '', '', '', ''),
(142, 'SA142', '', '', '', '', ''),
(143, 'SA143', '', '', '', '', ''),
(144, 'SA144', '', '', '', '', ''),
(145, 'SA145', '', '', '', '', ''),
(146, 'SA146', '', '', '', '', ''),
(147, 'SA147', '', '', '', '', ''),
(148, 'SA148', '', '', '', '', ''),
(149, 'SA149', '', '', '', '', ''),
(150, 'SA150', '', '', '', '', ''),
(151, 'SA151', '', '', '', '', ''),
(152, 'SA152', '', '', '', '', ''),
(153, 'SA153', '', '', '', '', ''),
(154, 'SA154', '', '', '', '', ''),
(155, 'SA155', '', '', '', '', ''),
(156, 'SA156', '', '', '', '', ''),
(157, 'SA157', '', '', '', '', ''),
(158, 'SA158', '', '', '', '', ''),
(159, 'SA159', '', '', '', '', ''),
(160, 'SA160', '', '', '', '', ''),
(161, 'SA161', '', '', '', '', ''),
(162, 'SA162', '', '', '', '', ''),
(163, 'SA163', '', '', '', '', ''),
(164, 'SA164', '', '', '', '', ''),
(165, 'SA165', '', '', '', '', ''),
(166, 'SA166', '', '', '', '', ''),
(167, 'SA167', '', '', '', '', ''),
(168, 'SA168', '', '', '', '', ''),
(169, 'SA169', '', '', '', '', ''),
(170, 'SA170', '', '', '', '', ''),
(171, 'SA171', '', '', '', '', ''),
(172, 'SA172', '', '', '', '', ''),
(173, 'SA173', '', '', '', '', ''),
(174, 'SA174', '', '', '', '', ''),
(175, 'SA175', '', '', '', '', ''),
(176, 'SA176', '', '', '', '', ''),
(177, 'SA177', '', '', '', '', ''),
(178, 'SA178', '', '', '', '', ''),
(179, 'SA179', '', '', '', '', ''),
(180, 'SA180', '', '', '', '', ''),
(181, 'SA181', '', '', '', '', ''),
(182, 'SA182', '', '', '', '', ''),
(183, 'SA183', '', '', '', '', ''),
(184, 'SA184', '', '', '', '', ''),
(185, 'SA185', '', '', '', '', ''),
(186, 'SA186', '', '', '', '', ''),
(187, 'SA187', '', '', '', '', ''),
(188, 'SA188', '', '', '', '', ''),
(189, 'SA189', '', '', '', '', ''),
(190, 'SA190', '', '', '', '', ''),
(191, 'SA191', '', '', '', '', ''),
(192, 'SA192', '', '', '', '', ''),
(193, 'SA193', '', '', '', '', ''),
(194, 'SA194', '', '', '', '', ''),
(195, 'SA195', '', '', '', '', ''),
(196, 'SA196', '', '', '', '', ''),
(197, 'SA197', '', '', '', '', ''),
(198, 'SA198', '', '', '', '', ''),
(199, 'SA199', '', '', '', '', ''),
(200, 'SA200', '', '', '', '', ''),
(201, 'SA201', '', '', '', '', ''),
(202, 'SA202', '', '', '', '', ''),
(203, 'SA203', '', '', '', '', ''),
(204, 'SA204', '', '', '', '', ''),
(205, 'SA205', '', '', '', '', ''),
(206, 'SA206', '', '', '', '', ''),
(207, 'SA207', '', '', '', '', ''),
(208, 'SA208', '', '', '', '', ''),
(209, 'SA209', '', '', '', '', ''),
(210, 'SA210', '', '', '', '', ''),
(211, 'SA211', '', '', '', '', ''),
(212, 'SA212', '', '', '', '', ''),
(213, 'SA213', '', '', '', '', ''),
(214, 'SA214', '', '', '', '', ''),
(215, 'SA215', '', '', '', '', ''),
(216, 'SA216', '', '', '', '', ''),
(217, 'SA217', '', '', '', '', ''),
(218, 'SA218', '', '', '', '', ''),
(219, 'SA219', '', '', '', '', ''),
(220, 'SA220', '', '', '', '', ''),
(221, 'SA221', '', '', '', '', ''),
(222, 'SA222', '', '', '', '', ''),
(223, 'SA223', '', '', '', '', ''),
(224, 'SA224', '', '', '', '', ''),
(225, 'SA225', '', '', '', '', ''),
(226, 'SA226', '', '', '', '', ''),
(227, 'SA227', '', '', '', '', ''),
(228, 'SA228', '', '', '', '', ''),
(229, 'SA229', '', '', '', '', ''),
(230, 'SA230', '', '', '', '', ''),
(231, 'SA231', '', '', '', '', ''),
(232, 'SA232', '', '', '', '', ''),
(233, 'SA233', '', '', '', '', ''),
(234, 'SA234', '', '', '', '', ''),
(235, 'SA235', '', '', '', '', ''),
(236, 'SA236', '', '', '', '', ''),
(237, 'SA237', '', '', '', '', ''),
(238, 'SA238', '', '', '', '', ''),
(239, 'SA239', '', '', '', '', ''),
(240, 'SA240', '', '', '', '', ''),
(241, 'SA241', '', '', '', '', ''),
(242, 'SA242', '', '', '', '', ''),
(243, 'SA243', '', '', '', '', ''),
(244, 'SA244', '', '', '', '', ''),
(245, 'SA245', '', '', '', '', ''),
(246, 'SA246', '', '', '', '', ''),
(247, 'SA247', '', '', '', '', ''),
(248, 'SA248', '', '', '', '', ''),
(249, 'SA249', '', '', '', '', ''),
(250, 'SA250', '', '', '', '', ''),
(251, 'SA251', '', '', '', '', ''),
(252, 'SA252', '', '', '', '', ''),
(253, 'SA253', '', '', '', '', ''),
(254, 'SA254', '', '', '', '', ''),
(255, 'SA255', '', '', '', '', ''),
(256, 'SA256', '', '', '', '', ''),
(257, 'SA257', '', '', '', '', ''),
(258, 'SA258', '', '', '', '', ''),
(259, 'SA259', '', '', '', '', ''),
(260, 'SA260', '', '', '', '', ''),
(261, 'SA261', '', '', '', '', ''),
(262, 'SA262', '', '', '', '', ''),
(263, 'SA263', '', '', '', '', ''),
(264, 'SA264', '', '', '', '', ''),
(265, 'SA265', '', '', '', '', ''),
(266, 'SA266', '', '', '', '', ''),
(267, 'SA267', '', '', '', '', ''),
(268, 'SA268', '', '', '', '', ''),
(269, 'SA269', '', '', '', '', ''),
(270, 'SA270', '', '', '', '', ''),
(271, 'SA271', '', '', '', '', ''),
(272, 'SA272', '', '', '', '', ''),
(273, 'SA273', '', '', '', '', ''),
(274, 'SA274', '', '', '', '', ''),
(275, 'SA275', '', '', '', '', ''),
(276, 'SA276', '', '', '', '', ''),
(277, 'SA277', '', '', '', '', ''),
(278, 'SA278', '', '', '', '', ''),
(279, 'SA279', '', '', '', '', ''),
(280, 'SA280', '', '', '', '', ''),
(281, 'SA281', '', '', '', '', ''),
(282, 'SA282', '', '', '', '', ''),
(283, 'SA283', '', '', '', '', ''),
(284, 'SA284', '', '', '', '', ''),
(285, 'SA285', '', '', '', '', ''),
(286, 'SA286', '', '', '', '', ''),
(287, 'SA287', '', '', '', '', ''),
(288, 'SA288', '', '', '', '', ''),
(289, 'SA289', '', '', '', '', ''),
(290, 'SA290', '', '', '', '', ''),
(291, 'SA291', '', '', '', '', ''),
(292, 'SA292', '', '', '', '', ''),
(293, 'SA293', '', '', '', '', ''),
(294, 'SA294', '', '', '', '', ''),
(295, 'SA295', '', '', '', '', ''),
(296, 'SA296', '', '', '', '', ''),
(297, 'SA297', '', '', '', '', ''),
(298, 'SA298', '', '', '', '', ''),
(299, 'SA299', '', '', '', '', ''),
(300, 'SA300', '', '', '', '', ''),
(301, 'SA301', '', '', '', '', ''),
(302, 'SA302', '', '', '', '', ''),
(303, 'SA303', '', '', '', '', ''),
(304, 'SA304', '', '', '', '', ''),
(305, 'SA305', '', '', '', '', ''),
(306, 'SA306', '', '', '', '', ''),
(307, 'SA307', '', '', '', '', ''),
(308, 'SA308', '', '', '', '', ''),
(309, 'SA309', '', '', '', '', ''),
(310, 'SA310', '', '', '', '', ''),
(311, 'SA311', '', '', '', '', ''),
(312, 'SA312', '', '', '', '', ''),
(313, 'SA313', '', '', '', '', ''),
(314, 'SA314', '', '', '', '', ''),
(315, 'SA315', '', '', '', '', ''),
(316, 'SA316', '', '', '', '', ''),
(317, 'SA317', '', '', '', '', ''),
(318, 'SA318', '', '', '', '', ''),
(319, 'SA319', '', '', '', '', ''),
(320, 'SA320', '', '', '', '', ''),
(321, 'SA321', '', '', '', '', ''),
(322, 'SA322', '', '', '', '', ''),
(323, 'SA323', '', '', '', '', ''),
(324, 'SA324', '', '', '', '', ''),
(325, 'SA325', '', '', '', '', ''),
(326, 'SA326', '', '', '', '', ''),
(327, 'SA327', '', '', '', '', ''),
(328, 'SA328', '', '', '', '', ''),
(329, 'SA329', '', '', '', '', ''),
(330, 'SA330', '', '', '', '', ''),
(331, 'SA331', '', '', '', '', ''),
(332, 'SA332', '', '', '', '', ''),
(333, 'SA333', '', '', '', '', '');

-- --------------------------------------------------------

--
-- Table structure for table `t_gambaran_daerah_pelayanan`
--

CREATE TABLE `t_gambaran_daerah_pelayanan` (
  `id` int(50) NOT NULL,
  `id_sa` varchar(50) NOT NULL,
  `gbr_umum` text NOT NULL,
  `hambatan_teknis` text NOT NULL,
  `hambatan_non_teknis` text NOT NULL
) ENGINE=InnoDB DEFAULT CHARSET=latin1;

--
-- Dumping data for table `t_gambaran_daerah_pelayanan`
--

INSERT INTO `t_gambaran_daerah_pelayanan` (`id`, `id_sa`, `gbr_umum`, `hambatan_teknis`, `hambatan_non_teknis`) VALUES
(1, 'id_sa', 'gbr_umum', 'hambatan_teknis', 'hambatan_non_teknis'),
(2, 'SA2', '-', 'Pembuangan sampah (Tissue, botol,dll) sehingga menyumbat saluran air.', '-'),
(3, 'SA3', '-', 'instalasi dan perawatan pipa tidak berjalan', 'sumber mata air ini akan dijadikan kawasan niaga keluarahan sempur'),
(4, 'SA4', '-', 'meteran belum ada dan jaringan tersumbat', 'penggunaan token listrik tidak mencukupi dari retribusi'),
(5, 'SA5', 'hidran berada di tepi sungai, dan air bersih ini melayani permukiman padat penduduk.', 'kualitas teknis tidak memadai', 'pembayaran dari warga terkadang tidak sesuai aturan'),
(6, 'SA6', 'hidran berada di belakang mesjid, kondisi rusak, dan tidak berfungsi sama sekali', 'air tidak jalan', 'air berbau'),
(7, 'SA7', 'kawasan padat penduduk', '', 'air tidak ada'),
(8, 'SA8', '-', '', '-'),
(9, 'SA9', '-', '', '-'),
(10, 'SA10', '-', 'terjadi longsoran sehingga batuan memecah pipa air', 'kena longsor'),
(11, 'SA11', '-', '', 'longsor'),
(12, 'SA12', '-', '', ''),
(13, 'SA13', '-', 'tidak ada pengolahan air', 'longsor '),
(14, 'SA14', '-', '', ''),
(15, 'SA15', '-', '', 'longsor, dan luapan air sungai'),
(16, 'SA16', '-', '', 'lereng curam'),
(17, 'SA17', '-', 'belum ada bak penampungan', 'longsor '),
(18, 'SA18', '-', 'biaya listrik besar', '-'),
(19, 'SA19', '-', 'harus dikeruk', '-'),
(20, 'SA20', '-', '-', '-'),
(21, 'SA21', '-', '-', '-'),
(22, 'SA22', '-', '-', 'longsor, sampah disekitar lingkungan'),
(23, 'SA23', 'mata air berada di daerah aliran sungai', '-', 'warga tidak bisa merawat dengan baik'),
(24, 'SA24', '-', '-', 'warga tidak bisa merawat dengan baik'),
(25, 'SA25', '-', '-', 'warga tidak bisa merawat dengan baik'),
(26, 'SA26', '-', '-', 'warga tidak bisa merawat dengan baik'),
(27, 'SA27', '-', '-', 'warga tidak bisa merawat dengan baik'),
(28, 'SA28', '-', 'mesin rusak', '-'),
(29, 'SA29', '-', '-', '-'),
(30, 'SA30', '-', '-', '-'),
(31, 'SA31', '-', '-', '-'),
(32, 'SA32', 'Masyarakat Sekita menggunakan Sumur gali dan PDAM', 'Pipa mati sehingga tidak bisa mengalirkan air', '-'),
(34, 'SA34', 'Masyarakat Sekitar menggunakan PIPA PDAM', '', ''),
(35, 'SA35', 'Masyarakat Sekitar menggunakan PIPA PDAM dan Sumur', '', ''),
(36, 'SA36', 'Masyarakat Sekitar menggunakan PIPA PDAM dan Sumur', '', ''),
(37, 'SA37', 'Masyarakat Sekitar menggunakan PIPA PDAM dan Sumur', '', ''),
(38, 'SA38', 'Masyarakat Sekitar menggunakan PIPA PDAM dan Sumur', '', ''),
(39, 'SA39', 'Masyarakat Sekitar menggunakan PIPA PDAM dan Sumur', '', ''),
(40, 'SA40', 'Masyarakat Sekitar menggunakan PIPA PDAM dan Sumur', '', 'Iuran Biaya perawatan tidak tersedia'),
(41, 'SA41', 'Masyarakat Sekitar menggunakan PIPA PDAM dan Sumur', 'Kualitas Air tidak terlalu baik', ''),
(42, 'SA42', 'Masyarakat Sekitar menggunakan PIPA PDAM dan Sumur', 'Kualitas Air tidak terlalu baik', ''),
(43, 'SA43', 'Masyarakat Sekitar menggunakan  Sumur', '', ''),
(44, 'SA44', 'Masyarakat Sekitar menggunakan  PDAM', '', ''),
(45, 'SA45', 'Masyarakat Sekitar menggunakan  Sumur dan PDAM', '', ''),
(46, 'SA46', 'Masyarakat Sekitar menggunakan  Sumur', '', ''),
(47, 'SA47', 'Masyarakat Sekitar menggunakan  Sumur', '', ''),
(48, 'SA48', 'Masyarakat Sekitar menggunakan  Sumur', '', ''),
(49, 'SA49', 'Masyarakat Sekitar menggunakan  Sumur', '', ''),
(50, 'SA50', 'Masyarakat Sekitar menggunakan  Sumur', '', ''),
(51, '', '', '', '-'),
(52, '', '', '', '-'),
(53, '', '', '', '-'),
(54, '', '', '', '-'),
(55, 'SA55', '', '', ''),
(56, 'SA56', '', '', ''),
(57, 'SA57', '', '', ''),
(58, 'SA58', '', '', ''),
(59, 'SA59', '', '', ''),
(60, 'SA60', '', '', ''),
(61, 'SA61', '', '', ''),
(62, 'SA62', '', '', ''),
(63, 'SA63', '', '', ''),
(64, 'SA64', '', '', ''),
(65, 'SA65', '', '', ''),
(66, 'SA66', '', '', ''),
(67, 'SA67', '', '', ''),
(68, 'SA68', '', '', ''),
(69, 'SA69', '', '', ''),
(70, 'SA70', '', '', ''),
(71, 'SA71', '', '', ''),
(72, 'SA72', '', '', ''),
(73, 'SA73', '', '', ''),
(74, 'SA74', '', '', ''),
(75, 'SA75', '', '', ''),
(76, 'SA76', '', '', ''),
(77, 'SA77', '', '', ''),
(78, 'SA78', '', '', ''),
(79, 'SA79', '', '', ''),
(80, 'SA80', '', '', ''),
(81, 'SA81', '', '', ''),
(82, 'SA82', '', '', ''),
(83, 'SA83', '', '', ''),
(84, 'SA84', '', '', ''),
(85, 'SA85', '', '', ''),
(86, 'SA86', '', '', ''),
(87, 'SA87', '', '', ''),
(88, 'SA88', '', '', ''),
(89, 'SA89', '', '', ''),
(90, 'SA90', '', '', ''),
(91, 'SA91', '', '', ''),
(92, 'SA92', '', '', ''),
(93, 'SA93', '', '', ''),
(94, 'SA94', '', '', ''),
(95, 'SA95', '', '', ''),
(96, 'SA96', '', '', ''),
(97, 'SA97', '', '', ''),
(98, 'SA98', '', '', ''),
(99, 'SA99', '', '', ''),
(100, 'SA100', '', '', ''),
(101, 'SA101', '', '', ''),
(102, 'SA102', '', '', ''),
(103, 'SA103', '', '', ''),
(104, 'SA104', '', '', ''),
(105, 'SA105', '', '', ''),
(106, 'SA106', '', '', ''),
(107, 'SA107', '', '', ''),
(108, 'SA108', '', '', ''),
(109, 'SA109', '', '', ''),
(110, 'SA110', '', '', ''),
(111, 'SA111', '', '', ''),
(112, 'SA112', '', '', ''),
(113, 'SA113', '', '', ''),
(114, 'SA114', '', '', ''),
(115, 'SA115', '', '', ''),
(116, 'SA116', '', '', ''),
(117, 'SA117', '', '', ''),
(118, 'SA118', '', '', ''),
(119, 'SA119', '', '', ''),
(120, 'SA120', '', '', ''),
(121, 'SA121', '', '', ''),
(122, 'SA122', '', '', ''),
(123, 'SA123', '', '', ''),
(124, 'SA124', '', '', ''),
(125, 'SA125', '', '', ''),
(126, 'SA126', '', '', ''),
(127, 'SA127', '', '', ''),
(128, 'SA128', '', '', ''),
(129, 'SA129', '', '', ''),
(130, 'SA130', '', '', ''),
(131, 'SA131', '', '', ''),
(132, 'SA132', '', '', ''),
(133, 'SA133', '', '', ''),
(134, 'SA134', '', '', ''),
(135, 'SA135', '', '', ''),
(136, 'SA136', '', '', ''),
(137, 'SA137', '', '', ''),
(138, 'SA138', '', '', ''),
(139, 'SA139', '', '', ''),
(140, 'SA140', '', '', ''),
(141, 'SA141', '', '', ''),
(142, 'SA142', '', '', ''),
(143, 'SA143', '', '', ''),
(144, 'SA144', '', '', ''),
(145, 'SA145', '', '', ''),
(146, 'SA146', '', '', ''),
(147, 'SA147', '', '', ''),
(148, 'SA148', '', '', ''),
(149, 'SA149', '', '', ''),
(150, 'SA150', '', '', ''),
(151, 'SA151', '', '', ''),
(152, 'SA152', '', '', ''),
(153, 'SA153', '', '', ''),
(154, 'SA154', '', '', ''),
(155, 'SA155', '', '', ''),
(156, 'SA156', '', '', ''),
(157, 'SA157', '', '', ''),
(158, 'SA158', '', '', ''),
(159, 'SA159', '', '', ''),
(160, 'SA160', '', '', ''),
(161, 'SA161', '', '', ''),
(162, 'SA162', '', '', ''),
(163, 'SA163', '', '', ''),
(164, 'SA164', '', '', ''),
(165, 'SA165', '', '', ''),
(166, 'SA166', '', '', ''),
(167, 'SA167', '', '', ''),
(168, 'SA168', '', '', ''),
(169, 'SA169', '', '', ''),
(170, 'SA170', '', '', ''),
(171, 'SA171', '', '', ''),
(172, 'SA172', '', '', ''),
(173, 'SA173', '', '', ''),
(174, 'SA174', '', '', ''),
(175, 'SA175', '', '', ''),
(176, 'SA176', '', '', ''),
(177, 'SA177', '', '', ''),
(178, 'SA178', '', '', ''),
(179, 'SA179', '', '', ''),
(180, 'SA180', '', '', ''),
(181, 'SA181', '', '', ''),
(182, 'SA182', '', '', ''),
(183, 'SA183', '', '', ''),
(184, 'SA184', '', '', ''),
(185, 'SA185', '', '', ''),
(186, 'SA186', '', '', ''),
(187, 'SA187', '', '', ''),
(188, 'SA188', '', '', ''),
(189, 'SA189', '', '', ''),
(190, 'SA190', '', '', ''),
(191, 'SA191', '', '', ''),
(192, 'SA192', '', '', ''),
(193, 'SA193', '', '', ''),
(194, 'SA194', '', '', ''),
(195, 'SA195', '', '', ''),
(196, 'SA196', '', '', ''),
(197, 'SA197', '', '', ''),
(198, 'SA198', '', '', ''),
(199, 'SA199', '', '', ''),
(200, 'SA200', '', '', ''),
(201, 'SA201', '', '', ''),
(202, 'SA202', '', '', ''),
(203, 'SA203', '', '', ''),
(204, 'SA204', '', '', ''),
(205, 'SA205', '', '', ''),
(206, 'SA206', '', '', ''),
(207, 'SA207', '', '', ''),
(208, 'SA208', '', '', ''),
(209, 'SA209', '', '', ''),
(210, 'SA210', '', '', ''),
(211, 'SA211', '', '', ''),
(212, 'SA212', '', '', ''),
(213, 'SA213', '', '', ''),
(214, 'SA214', '', '', ''),
(215, 'SA215', '', '', ''),
(216, 'SA216', '', '', ''),
(217, 'SA217', '', '', ''),
(218, 'SA218', '', '', ''),
(219, 'SA219', '', '', ''),
(220, 'SA220', '', '', ''),
(221, 'SA221', '', '', ''),
(222, 'SA222', '', '', ''),
(223, 'SA223', '', '', ''),
(224, 'SA224', '', '', ''),
(225, 'SA225', '', '', ''),
(226, 'SA226', '', '', ''),
(227, 'SA227', '', '', ''),
(228, 'SA228', '', '', ''),
(229, 'SA229', '', '', ''),
(230, 'SA230', '', '', ''),
(231, 'SA231', '', '', ''),
(232, 'SA232', '', '', ''),
(233, 'SA233', '', '', ''),
(234, 'SA234', '', '', ''),
(235, 'SA235', '', '', ''),
(236, 'SA236', '', '', ''),
(237, 'SA237', '', '', ''),
(238, 'SA238', '', '', ''),
(239, 'SA239', '', '', ''),
(240, 'SA240', '', '', ''),
(241, 'SA241', '', '', ''),
(242, 'SA242', '', '', ''),
(243, 'SA243', '', '', ''),
(244, 'SA244', '', '', ''),
(245, 'SA245', '', '', ''),
(246, 'SA246', '', '', ''),
(247, 'SA247', '', '', ''),
(248, 'SA248', '', '', ''),
(249, 'SA249', '', '', ''),
(250, 'SA250', '', '', ''),
(251, 'SA251', '', '', ''),
(252, 'SA252', '', '', ''),
(253, 'SA253', '', '', ''),
(254, 'SA254', '', '', ''),
(255, 'SA255', '', '', ''),
(256, 'SA256', '', '', ''),
(257, 'SA257', '', '', ''),
(258, 'SA258', '', '', ''),
(259, 'SA259', '', '', ''),
(260, 'SA260', '', '', ''),
(261, 'SA261', '', '', ''),
(262, 'SA262', '', '', ''),
(263, 'SA263', '', '', ''),
(264, 'SA264', '', '', ''),
(265, 'SA265', '', '', ''),
(266, 'SA266', '', '', ''),
(267, 'SA267', '', '', ''),
(268, 'SA268', '', '', ''),
(269, 'SA269', '', '', ''),
(270, 'SA270', '', '', ''),
(271, 'SA271', '', '', ''),
(272, 'SA272', '', '', ''),
(273, 'SA273', '', '', ''),
(274, 'SA274', '', '', ''),
(275, 'SA275', '', '', ''),
(276, 'SA276', '', '', ''),
(277, 'SA277', '', '', ''),
(278, 'SA278', '', '', ''),
(279, 'SA279', '', '', ''),
(280, 'SA280', '', '', ''),
(281, 'SA281', '', '', ''),
(282, 'SA282', '', '', ''),
(283, 'SA283', '', '', ''),
(284, 'SA284', '', '', ''),
(285, 'SA285', '', '', ''),
(286, 'SA286', '', '', ''),
(287, 'SA287', '', '', ''),
(288, 'SA288', '', '', ''),
(289, 'SA289', '', '', ''),
(290, 'SA290', '', '', ''),
(291, 'SA291', '', '', ''),
(292, 'SA292', '', '', ''),
(293, 'SA293', '', '', ''),
(294, 'SA294', '', '', ''),
(295, 'SA295', '', '', ''),
(296, 'SA296', '', '', ''),
(297, 'SA297', '', '', ''),
(298, 'SA298', '', '', ''),
(299, 'SA299', '', '', ''),
(300, 'SA300', '', '', ''),
(301, 'SA301', '', '', ''),
(302, 'SA302', '', '', ''),
(303, 'SA303', '', '', ''),
(304, 'SA304', '', '', ''),
(305, 'SA305', '', '', ''),
(306, 'SA306', '', '', ''),
(307, 'SA307', '', '', ''),
(308, 'SA308', '', '', ''),
(309, 'SA309', '', '', ''),
(310, 'SA310', '', '', ''),
(311, 'SA311', '', '', ''),
(312, 'SA312', '', '', ''),
(313, 'SA313', '', '', ''),
(314, 'SA314', '', '', ''),
(315, 'SA315', '', '', ''),
(316, 'SA316', '', '', ''),
(317, 'SA317', '', '', ''),
(318, 'SA318', '', '', ''),
(319, 'SA319', '', '', ''),
(320, 'SA320', '', '', ''),
(321, 'SA321', '', '', ''),
(322, 'SA322', '', '', ''),
(323, 'SA323', '', '', ''),
(324, 'SA324', '', '', ''),
(325, 'SA325', '', '', ''),
(326, 'SA326', '', '', ''),
(327, 'SA327', '', '', ''),
(328, 'SA328', '', '', ''),
(329, 'SA329', '', '', ''),
(330, 'SA330', '', '', ''),
(331, 'SA331', '', '', ''),
(332, 'SA332', '', '', ''),
(333, 'SA333', '', '', '');

-- --------------------------------------------------------

--
-- Table structure for table `t_jaringan_pipa`
--

CREATE TABLE `t_jaringan_pipa` (
  `id` int(50) NOT NULL,
  `id_sa` varchar(50) NOT NULL,
  `jml_sr_terpasang` varchar(30) NOT NULL,
  `kondisi_kelancaran_sis_pengalir` enum('lancar','tidak lancar') NOT NULL,
  `kondisi_perawatan_sis_pengalir` enum('terawat','tidak terawat') NOT NULL,
  `kondisi_fungsi_sis_pengalir` enum('optimal','belum optimal') NOT NULL,
  `ketersediaan_hidran` enum('ada','tidak ada') NOT NULL,
  `jml_hidran` varchar(15) NOT NULL,
  `meteran` enum('ada','tidak ada') NOT NULL,
  `jml_meteran` varchar(15) NOT NULL,
  `pemeliharaan_sis_jaringan` enum('ada dan rutin','ada dan tidak rutin','tidak ada') NOT NULL,
  `penjelasan_jar_pipa` text NOT NULL,
  `lebar_jln` varchar(15) NOT NULL
) ENGINE=InnoDB DEFAULT CHARSET=latin1;

--
-- Dumping data for table `t_jaringan_pipa`
--

INSERT INTO `t_jaringan_pipa` (`id`, `id_sa`, `jml_sr_terpasang`, `kondisi_kelancaran_sis_pengalir`, `kondisi_perawatan_sis_pengalir`, `kondisi_fungsi_sis_pengalir`, `ketersediaan_hidran`, `jml_hidran`, `meteran`, `jml_meteran`, `pemeliharaan_sis_jaringan`, `penjelasan_jar_pipa`, `lebar_jln`) VALUES
(1, 'id_sa', 'jml_sr_terpasang', '', '', '', '', 'jml_hidran', '', 'jml_meteran', '', 'penjelasan', 'lebar_jln'),
(2, 'SA2', '56', 'lancar', 'terawat', 'optimal', 'ada', '1', 'tidak ada', '', '', 'ada kelompok yang mengelola', '1.3'),
(3, 'SA3', '', '', 'tidak terawat', 'belum optimal', 'tidak ada', '0', 'tidak ada', '', 'tidak ada', 'sifat pemakaian bersama dan pengelolaan dari kelurahan tidak ada.', '1.1'),
(4, 'SA4', '32', 'lancar', 'tidak terawat', 'belum optimal', 'tidak ada', '0', 'tidak ada', '', 'tidak ada', 'Distribusi/instalasi air hanya menyalurkan saja, sistem pengolahan dari warga berupa saringan saja', '1.35'),
(5, 'SA5', '50', 'lancar', 'terawat', 'optimal', 'ada', '1', 'ada', '50 unit', '', 'pemeliharaan setiap sebulan sekali', '1.2'),
(6, 'SA6', '36', '', 'tidak terawat', 'belum optimal', 'ada', '1', 'tidak ada', '', 'tidak ada', '', '1.2'),
(7, 'SA7', '50', '', 'tidak terawat', 'belum optimal', 'ada', '1', 'tidak ada', '', 'tidak ada', 'Dulu ada meteran di setiap rumah, sekarang sudah tidak ada karena SAB tidak berfungsi', '1.4'),
(8, 'SA8', '', 'lancar', 'terawat', 'belum optimal', 'tidak ada', '', 'tidak ada', '', 'tidak ada', '', '0.8'),
(9, 'SA9', '', '', '', '', '', '', '', '', '', '', ''),
(10, 'SA10', '6', 'lancar', 'terawat', 'optimal', 'tidak ada', '', 'tidak ada', '', '', 'hanya dilakukan apabila terjadi kerusakan', '1.4'),
(11, 'SA11', '', '', '', '', '', '', '', '', '', 'mata air hanya dibuat paralon dan tidak ada pengelolaan sama sekali', '0.8'),
(12, 'SA12', '', '', '', '', '', '', '', '', '', 'mata air hanya dibuat paralon dan tidak ada pengelolaan sama sekali', '1'),
(13, 'SA13', '', '', '', '', '', '', '', '', '', 'air mengalir langsung dari mata air, belum ada perpipaan', '2.3'),
(14, 'SA14', '', '', 'tidak terawat', 'belum optimal', 'tidak ada', '', 'tidak ada', '', 'tidak ada', 'air tidak ada', '1.3'),
(15, 'SA15', '10', 'lancar', 'tidak terawat', 'belum optimal', 'tidak ada', '', 'tidak ada', '', '', 'pengelolan apabila terjadi kerusakan ', '1.7'),
(16, 'SA16', '', '', '', '', '', '', '', '', '', 'belum didistribusikan', '2 M'),
(17, 'SA17', '48', 'lancar', '', '', 'tidak ada', '', 'tidak ada', '', '', 'pendistribusian hanya berupa selang dari masyarakat', '1.2'),
(18, 'SA18', '3', 'lancar', 'terawat', 'optimal', 'tidak ada', '', 'tidak ada', '', '', '', '2'),
(19, 'SA19', '20', 'lancar', '', 'belum optimal', 'tidak ada', '', '', '', '', '', ''),
(20, 'SA20', '', '', '', '', '', '', '', '', '', '', ''),
(21, 'SA21', '', '', '', '', '', '', '', '', '', '', ''),
(22, 'SA22', '', 'lancar', 'terawat', 'belum optimal', 'tidak ada', '', '', '', '', '', ''),
(23, 'SA23', '', '', 'tidak terawat', 'belum optimal', 'tidak ada', '', 'tidak ada', '', 'tidak ada', 'air belum didistribusikan kerumah warga', '0.8'),
(24, 'SA24', '', '', 'tidak terawat', 'belum optimal', 'tidak ada', '', 'tidak ada', '', 'tidak ada', 'air belum didistribusikan kerumah warga', '3'),
(25, 'SA25', '', 'lancar', 'tidak terawat', 'belum optimal', 'tidak ada', '', 'tidak ada', '', 'tidak ada', 'mata air sangat bagus, dan lancar apabila di bangun dan dikelola dengan baik', '1.5'),
(26, 'SA26', '', 'lancar', 'tidak terawat', 'belum optimal', 'tidak ada', '', 'tidak ada', '', 'tidak ada', 'mata air sangat bagus, dan lancar apabila di bangun dan dikelola dengan baik', '1.5'),
(27, 'SA27', '', 'lancar', 'tidak terawat', 'belum optimal', 'tidak ada', '', 'tidak ada', '', 'tidak ada', 'mata air sangat bagus, dan lancar apabila di bangun dan dikelola dengan baik', '1.5'),
(28, 'SA28', '', 'lancar', 'tidak terawat', 'belum optimal', 'tidak ada', '', 'tidak ada', '', 'tidak ada', '', '1'),
(29, 'SA29', '', '', '', '', '', '', '', '', '', '', ''),
(30, 'SA30', '', '', '', '', '', '', '', '', '', '', ''),
(31, 'SA31', '', '', 'tidak terawat', 'belum optimal', 'tidak ada', '', 'tidak ada', '', 'tidak ada', '', '2'),
(32, 'SA32', '13', 'tidak lancar', 'terawat', 'belum optimal', 'tidak ada', '', 'ada', '11', 'tidak ada', 'Pemeliharaan tidak ada karena SPAM tidak berjalan', '1.5'),
(34, 'SA34', '', '', '', '', '', '', '', '', '', '', '1'),
(35, 'SA35', '', '', '', '', '', '', '', '', '', '', '1'),
(36, 'SA46', '', '', '', '', '', '', '', '', '', '', '1'),
(37, 'SA37', '', '', '', '', '', '', '', '', '', '', '1'),
(38, 'SA38', '', '', '', '', '', '', '', '', '', '', '1'),
(39, 'SA39', '', '', '', '', '', '', '', '', '', '', '1'),
(40, 'SA40', '20', 'lancar', 'terawat', 'optimal', 'tidak ada', '', 'tidak ada', '', '', 'Dilakukan masing-masing', '1'),
(41, 'SA41', '15', 'lancar', 'terawat', 'optimal', 'tidak ada', '', 'tidak ada', '', '', 'Pembersihan di sesuaikan dengan kondisi bak penampung', '1'),
(42, 'SA42', '14', 'lancar', 'terawat', 'optimal', 'tidak ada', '', 'tidak ada', '', '', 'Pemeliharaan 1 minggu sekali', '1'),
(43, 'SA43', '15', 'lancar', 'terawat', 'optimal', 'tidak ada', '', 'tidak ada', '', '', 'Pemeliharaan Rutin', '2'),
(44, 'SA44', '', 'lancar', 'terawat', 'optimal', 'tidak ada', '', 'tidak ada', '', '', 'Pemeliharaan Rutin sudah ada pengelola', '2'),
(45, 'SA45', '15', 'lancar', 'terawat', 'optimal', 'tidak ada', '', 'tidak ada', '', '', 'Pemeliharaan Rutin', '2'),
(46, 'SA46', '15', 'lancar', 'terawat', 'optimal', 'tidak ada', '', 'tidak ada', '', '', 'Pemeliharaan di seseuaikan dengan kondisi SPAM', '1'),
(47, 'SA47', '', '', '', '', 'tidak ada', '', 'tidak ada', '', '', 'Pemeliharaan di seseuaikan dengan kondisi SPAM', ''),
(48, 'SA48', '', 'lancar', '', 'optimal', 'tidak ada', '', 'tidak ada', '', '', 'Pemeliharaan di seseuaikan dengan kondisi SPAM', '1'),
(49, 'SA49', '', 'lancar', '', 'optimal', 'tidak ada', '', 'tidak ada', '', '', 'Pemeliharaan di seseuaikan dengan kondisi SPAM', '1'),
(50, 'SA50', '-', '', '', '', 'tidak ada', '', 'tidak ada', '', '', 'Pemeliharaan di seseuaikan dengan kondisi SPAM', '1'),
(51, '', '13', 'tidak lancar', 'terawat', 'belum optimal', 'tidak ada', '', 'ada', '11', 'tidak ada', '', ''),
(52, '', '13', 'tidak lancar', 'terawat', 'belum optimal', 'tidak ada', '', 'ada', '11', 'tidak ada', '', ''),
(53, '', '13', 'tidak lancar', 'terawat', 'belum optimal', 'tidak ada', '', 'ada', '11', 'tidak ada', '', ''),
(54, '', '13', 'tidak lancar', 'terawat', 'belum optimal', 'tidak ada', '', 'ada', '11', 'tidak ada', '', ''),
(55, 'SA55', '', '', '', '', '', '', '', '', '', '', ''),
(56, 'SA56', '', '', '', '', '', '', '', '', '', '', ''),
(57, 'SA57', '', '', '', '', '', '', '', '', '', '', ''),
(58, 'SA58', '', '', '', '', '', '', '', '', '', '', ''),
(59, 'SA59', '', '', '', '', '', '', '', '', '', '', ''),
(60, 'SA60', '', '', '', '', '', '', '', '', '', '', ''),
(61, 'SA61', '', '', '', '', '', '', '', '', '', '', ''),
(62, 'SA62', '', '', '', '', '', '', '', '', '', '', ''),
(63, 'SA63', '', '', '', '', '', '', '', '', '', '', ''),
(64, 'SA64', '', '', '', '', '', '', '', '', '', '', ''),
(65, 'SA65', '', '', '', '', '', '', '', '', '', '', ''),
(66, 'SA66', '', '', '', '', '', '', '', '', '', '', ''),
(67, 'SA67', '', '', '', '', '', '', '', '', '', '', ''),
(68, 'SA68', '', '', '', '', '', '', '', '', '', '', ''),
(69, 'SA69', '', '', '', '', '', '', '', '', '', '', ''),
(70, 'SA70', '', '', '', '', '', '', '', '', '', '', ''),
(71, 'SA71', '', '', '', '', '', '', '', '', '', '', ''),
(72, 'SA72', '', '', '', '', '', '', '', '', '', '', ''),
(73, 'SA73', '', '', '', '', '', '', '', '', '', '', ''),
(74, 'SA74', '', '', '', '', '', '', '', '', '', '', ''),
(75, 'SA75', '', '', '', '', '', '', '', '', '', '', ''),
(76, 'SA76', '', '', '', '', '', '', '', '', '', '', ''),
(77, 'SA77', '', '', '', '', '', '', '', '', '', '', ''),
(78, 'SA78', '', '', '', '', '', '', '', '', '', '', ''),
(79, 'SA79', '', '', '', '', '', '', '', '', '', '', ''),
(80, 'SA80', '', '', '', '', '', '', '', '', '', '', ''),
(81, 'SA81', '', '', '', '', '', '', '', '', '', '', ''),
(82, 'SA82', '', '', '', '', '', '', '', '', '', '', ''),
(83, 'SA83', '', '', '', '', '', '', '', '', '', '', ''),
(84, 'SA84', '', '', '', '', '', '', '', '', '', '', ''),
(85, 'SA85', '', '', '', '', '', '', '', '', '', '', ''),
(86, 'SA86', '', '', '', '', '', '', '', '', '', '', ''),
(87, 'SA87', '', '', '', '', '', '', '', '', '', '', ''),
(88, 'SA88', '', '', '', '', '', '', '', '', '', '', ''),
(89, 'SA89', '', '', '', '', '', '', '', '', '', '', ''),
(90, 'SA90', '', '', '', '', '', '', '', '', '', '', ''),
(91, 'SA91', '', '', '', '', '', '', '', '', '', '', ''),
(92, 'SA92', '', '', '', '', '', '', '', '', '', '', ''),
(93, 'SA93', '', '', '', '', '', '', '', '', '', '', ''),
(94, 'SA94', '', '', '', '', '', '', '', '', '', '', ''),
(95, 'SA95', '', '', '', '', '', '', '', '', '', '', ''),
(96, 'SA96', '', '', '', '', '', '', '', '', '', '', ''),
(97, 'SA97', '', '', '', '', '', '', '', '', '', '', ''),
(98, 'SA98', '', '', '', '', '', '', '', '', '', '', ''),
(99, 'SA99', '', '', '', '', '', '', '', '', '', '', ''),
(100, 'SA100', '', '', '', '', '', '', '', '', '', '', ''),
(101, 'SA101', '', '', '', '', '', '', '', '', '', '', ''),
(102, 'SA102', '', '', '', '', '', '', '', '', '', '', ''),
(103, 'SA103', '', '', '', '', '', '', '', '', '', '', ''),
(104, 'SA104', '', '', '', '', '', '', '', '', '', '', ''),
(105, 'SA105', '', '', '', '', '', '', '', '', '', '', ''),
(106, 'SA106', '', '', '', '', '', '', '', '', '', '', ''),
(107, 'SA107', '', '', '', '', '', '', '', '', '', '', ''),
(108, 'SA108', '', '', '', '', '', '', '', '', '', '', ''),
(109, 'SA109', '', '', '', '', '', '', '', '', '', '', ''),
(110, 'SA110', '', '', '', '', '', '', '', '', '', '', ''),
(111, 'SA111', '', '', '', '', '', '', '', '', '', '', ''),
(112, 'SA112', '', '', '', '', '', '', '', '', '', '', ''),
(113, 'SA113', '', '', '', '', '', '', '', '', '', '', ''),
(114, 'SA114', '', '', '', '', '', '', '', '', '', '', ''),
(115, 'SA115', '', '', '', '', '', '', '', '', '', '', ''),
(116, 'SA116', '', '', '', '', '', '', '', '', '', '', ''),
(117, 'SA117', '', '', '', '', '', '', '', '', '', '', ''),
(118, 'SA118', '', '', '', '', '', '', '', '', '', '', ''),
(119, 'SA119', '', '', '', '', '', '', '', '', '', '', ''),
(120, 'SA120', '', '', '', '', '', '', '', '', '', '', ''),
(121, 'SA121', '', '', '', '', '', '', '', '', '', '', ''),
(122, 'SA122', '', '', '', '', '', '', '', '', '', '', ''),
(123, 'SA123', '', '', '', '', '', '', '', '', '', '', ''),
(124, 'SA124', '', '', '', '', '', '', '', '', '', '', ''),
(125, 'SA125', '', '', '', '', '', '', '', '', '', '', ''),
(126, 'SA126', '', '', '', '', '', '', '', '', '', '', ''),
(127, 'SA127', '', '', '', '', '', '', '', '', '', '', ''),
(128, 'SA128', '', '', '', '', '', '', '', '', '', '', ''),
(129, 'SA129', '', '', '', '', '', '', '', '', '', '', ''),
(130, 'SA130', '', '', '', '', '', '', '', '', '', '', ''),
(131, 'SA131', '', '', '', '', '', '', '', '', '', '', ''),
(132, 'SA132', '', '', '', '', '', '', '', '', '', '', ''),
(133, 'SA133', '', '', '', '', '', '', '', '', '', '', ''),
(134, 'SA134', '', '', '', '', '', '', '', '', '', '', ''),
(135, 'SA135', '', '', '', '', '', '', '', '', '', '', ''),
(136, 'SA136', '', '', '', '', '', '', '', '', '', '', ''),
(137, 'SA137', '', '', '', '', '', '', '', '', '', '', ''),
(138, 'SA138', '', '', '', '', '', '', '', '', '', '', ''),
(139, 'SA139', '', '', '', '', '', '', '', '', '', '', ''),
(140, 'SA140', '', '', '', '', '', '', '', '', '', '', ''),
(141, 'SA141', '', '', '', '', '', '', '', '', '', '', ''),
(142, 'SA142', '', '', '', '', '', '', '', '', '', '', ''),
(143, 'SA143', '', '', '', '', '', '', '', '', '', '', ''),
(144, 'SA144', '', '', '', '', '', '', '', '', '', '', ''),
(145, 'SA145', '', '', '', '', '', '', '', '', '', '', ''),
(146, 'SA146', '', '', '', '', '', '', '', '', '', '', ''),
(147, 'SA147', '', '', '', '', '', '', '', '', '', '', ''),
(148, 'SA148', '', '', '', '', '', '', '', '', '', '', ''),
(149, 'SA149', '', '', '', '', '', '', '', '', '', '', ''),
(150, 'SA150', '', '', '', '', '', '', '', '', '', '', ''),
(151, 'SA151', '', '', '', '', '', '', '', '', '', '', ''),
(152, 'SA152', '', '', '', '', '', '', '', '', '', '', ''),
(153, 'SA153', '', '', '', '', '', '', '', '', '', '', ''),
(154, 'SA154', '', '', '', '', '', '', '', '', '', '', ''),
(155, 'SA155', '', '', '', '', '', '', '', '', '', '', ''),
(156, 'SA156', '', '', '', '', '', '', '', '', '', '', ''),
(157, 'SA157', '', '', '', '', '', '', '', '', '', '', ''),
(158, 'SA158', '', '', '', '', '', '', '', '', '', '', ''),
(159, 'SA159', '', '', '', '', '', '', '', '', '', '', ''),
(160, 'SA160', '', '', '', '', '', '', '', '', '', '', ''),
(161, 'SA161', '', '', '', '', '', '', '', '', '', '', ''),
(162, 'SA162', '', '', '', '', '', '', '', '', '', '', ''),
(163, 'SA163', '', '', '', '', '', '', '', '', '', '', ''),
(164, 'SA164', '', '', '', '', '', '', '', '', '', '', ''),
(165, 'SA165', '', '', '', '', '', '', '', '', '', '', ''),
(166, 'SA166', '', '', '', '', '', '', '', '', '', '', ''),
(167, 'SA167', '', '', '', '', '', '', '', '', '', '', ''),
(168, 'SA168', '', '', '', '', '', '', '', '', '', '', ''),
(169, 'SA169', '', '', '', '', '', '', '', '', '', '', ''),
(170, 'SA170', '', '', '', '', '', '', '', '', '', '', ''),
(171, 'SA171', '', '', '', '', '', '', '', '', '', '', ''),
(172, 'SA172', '', '', '', '', '', '', '', '', '', '', ''),
(173, 'SA173', '', '', '', '', '', '', '', '', '', '', ''),
(174, 'SA174', '', '', '', '', '', '', '', '', '', '', ''),
(175, 'SA175', '', '', '', '', '', '', '', '', '', '', ''),
(176, 'SA176', '', '', '', '', '', '', '', '', '', '', ''),
(177, 'SA177', '', '', '', '', '', '', '', '', '', '', ''),
(178, 'SA178', '', '', '', '', '', '', '', '', '', '', ''),
(179, 'SA179', '', '', '', '', '', '', '', '', '', '', ''),
(180, 'SA180', '', '', '', '', '', '', '', '', '', '', ''),
(181, 'SA181', '', '', '', '', '', '', '', '', '', '', ''),
(182, 'SA182', '', '', '', '', '', '', '', '', '', '', ''),
(183, 'SA183', '', '', '', '', '', '', '', '', '', '', ''),
(184, 'SA184', '', '', '', '', '', '', '', '', '', '', ''),
(185, 'SA185', '', '', '', '', '', '', '', '', '', '', ''),
(186, 'SA186', '', '', '', '', '', '', '', '', '', '', ''),
(187, 'SA187', '', '', '', '', '', '', '', '', '', '', ''),
(188, 'SA188', '', '', '', '', '', '', '', '', '', '', ''),
(189, 'SA189', '', '', '', '', '', '', '', '', '', '', ''),
(190, 'SA190', '', '', '', '', '', '', '', '', '', '', ''),
(191, 'SA191', '', '', '', '', '', '', '', '', '', '', ''),
(192, 'SA192', '', '', '', '', '', '', '', '', '', '', ''),
(193, 'SA193', '', '', '', '', '', '', '', '', '', '', ''),
(194, 'SA194', '', '', '', '', '', '', '', '', '', '', ''),
(195, 'SA195', '', '', '', '', '', '', '', '', '', '', ''),
(196, 'SA196', '', '', '', '', '', '', '', '', '', '', ''),
(197, 'SA197', '', '', '', '', '', '', '', '', '', '', ''),
(198, 'SA198', '', '', '', '', '', '', '', '', '', '', ''),
(199, 'SA199', '', '', '', '', '', '', '', '', '', '', ''),
(200, 'SA200', '', '', '', '', '', '', '', '', '', '', ''),
(201, 'SA201', '', '', '', '', '', '', '', '', '', '', ''),
(202, 'SA202', '', '', '', '', '', '', '', '', '', '', ''),
(203, 'SA203', '', '', '', '', '', '', '', '', '', '', ''),
(204, 'SA204', '', '', '', '', '', '', '', '', '', '', ''),
(205, 'SA205', '', '', '', '', '', '', '', '', '', '', ''),
(206, 'SA206', '', '', '', '', '', '', '', '', '', '', ''),
(207, 'SA207', '', '', '', '', '', '', '', '', '', '', ''),
(208, 'SA208', '', '', '', '', '', '', '', '', '', '', ''),
(209, 'SA209', '', '', '', '', '', '', '', '', '', '', ''),
(210, 'SA210', '', '', '', '', '', '', '', '', '', '', ''),
(211, 'SA211', '', '', '', '', '', '', '', '', '', '', ''),
(212, 'SA212', '', '', '', '', '', '', '', '', '', '', ''),
(213, 'SA213', '', '', '', '', '', '', '', '', '', '', ''),
(214, 'SA214', '', '', '', '', '', '', '', '', '', '', ''),
(215, 'SA215', '', '', '', '', '', '', '', '', '', '', ''),
(216, 'SA216', '', '', '', '', '', '', '', '', '', '', ''),
(217, 'SA217', '', '', '', '', '', '', '', '', '', '', ''),
(218, 'SA218', '', '', '', '', '', '', '', '', '', '', ''),
(219, 'SA219', '', '', '', '', '', '', '', '', '', '', ''),
(220, 'SA220', '', '', '', '', '', '', '', '', '', '', ''),
(221, 'SA221', '', '', '', '', '', '', '', '', '', '', ''),
(222, 'SA222', '', '', '', '', '', '', '', '', '', '', ''),
(223, 'SA223', '', '', '', '', '', '', '', '', '', '', ''),
(224, 'SA224', '', '', '', '', '', '', '', '', '', '', ''),
(225, 'SA225', '', '', '', '', '', '', '', '', '', '', ''),
(226, 'SA226', '', '', '', '', '', '', '', '', '', '', ''),
(227, 'SA227', '', '', '', '', '', '', '', '', '', '', ''),
(228, 'SA228', '', '', '', '', '', '', '', '', '', '', ''),
(229, 'SA229', '', '', '', '', '', '', '', '', '', '', ''),
(230, 'SA230', '', '', '', '', '', '', '', '', '', '', ''),
(231, 'SA231', '', '', '', '', '', '', '', '', '', '', ''),
(232, 'SA232', '', '', '', '', '', '', '', '', '', '', ''),
(233, 'SA233', '', '', '', '', '', '', '', '', '', '', ''),
(234, 'SA234', '', '', '', '', '', '', '', '', '', '', ''),
(235, 'SA235', '', '', '', '', '', '', '', '', '', '', ''),
(236, 'SA236', '', '', '', '', '', '', '', '', '', '', ''),
(237, 'SA237', '', '', '', '', '', '', '', '', '', '', ''),
(238, 'SA238', '', '', '', '', '', '', '', '', '', '', ''),
(239, 'SA239', '', '', '', '', '', '', '', '', '', '', ''),
(240, 'SA240', '', '', '', '', '', '', '', '', '', '', ''),
(241, 'SA241', '', '', '', '', '', '', '', '', '', '', ''),
(242, 'SA242', '', '', '', '', '', '', '', '', '', '', ''),
(243, 'SA243', '', '', '', '', '', '', '', '', '', '', ''),
(244, 'SA244', '', '', '', '', '', '', '', '', '', '', ''),
(245, 'SA245', '', '', '', '', '', '', '', '', '', '', ''),
(246, 'SA246', '', '', '', '', '', '', '', '', '', '', ''),
(247, 'SA247', '', '', '', '', '', '', '', '', '', '', ''),
(248, 'SA248', '', '', '', '', '', '', '', '', '', '', ''),
(249, 'SA249', '', '', '', '', '', '', '', '', '', '', ''),
(250, 'SA250', '', '', '', '', '', '', '', '', '', '', ''),
(251, 'SA251', '', '', '', '', '', '', '', '', '', '', ''),
(252, 'SA252', '', '', '', '', '', '', '', '', '', '', ''),
(253, 'SA253', '', '', '', '', '', '', '', '', '', '', ''),
(254, 'SA254', '', '', '', '', '', '', '', '', '', '', ''),
(255, 'SA255', '', '', '', '', '', '', '', '', '', '', ''),
(256, 'SA256', '', '', '', '', '', '', '', '', '', '', ''),
(257, 'SA257', '', '', '', '', '', '', '', '', '', '', ''),
(258, 'SA258', '', '', '', '', '', '', '', '', '', '', ''),
(259, 'SA259', '', '', '', '', '', '', '', '', '', '', ''),
(260, 'SA260', '', '', '', '', '', '', '', '', '', '', ''),
(261, 'SA261', '', '', '', '', '', '', '', '', '', '', ''),
(262, 'SA262', '', '', '', '', '', '', '', '', '', '', ''),
(263, 'SA263', '', '', '', '', '', '', '', '', '', '', ''),
(264, 'SA264', '', '', '', '', '', '', '', '', '', '', ''),
(265, 'SA265', '', '', '', '', '', '', '', '', '', '', ''),
(266, 'SA266', '', '', '', '', '', '', '', '', '', '', ''),
(267, 'SA267', '', '', '', '', '', '', '', '', '', '', ''),
(268, 'SA268', '', '', '', '', '', '', '', '', '', '', ''),
(269, 'SA269', '', '', '', '', '', '', '', '', '', '', ''),
(270, 'SA270', '', '', '', '', '', '', '', '', '', '', ''),
(271, 'SA271', '', '', '', '', '', '', '', '', '', '', ''),
(272, 'SA272', '', '', '', '', '', '', '', '', '', '', ''),
(273, 'SA273', '', '', '', '', '', '', '', '', '', '', ''),
(274, 'SA274', '', '', '', '', '', '', '', '', '', '', ''),
(275, 'SA275', '', '', '', '', '', '', '', '', '', '', ''),
(276, 'SA276', '', '', '', '', '', '', '', '', '', '', ''),
(277, 'SA277', '', '', '', '', '', '', '', '', '', '', ''),
(278, 'SA278', '', '', '', '', '', '', '', '', '', '', ''),
(279, 'SA279', '', '', '', '', '', '', '', '', '', '', ''),
(280, 'SA280', '', '', '', '', '', '', '', '', '', '', ''),
(281, 'SA281', '', '', '', '', '', '', '', '', '', '', ''),
(282, 'SA282', '', '', '', '', '', '', '', '', '', '', ''),
(283, 'SA283', '', '', '', '', '', '', '', '', '', '', ''),
(284, 'SA284', '', '', '', '', '', '', '', '', '', '', ''),
(285, 'SA285', '', '', '', '', '', '', '', '', '', '', ''),
(286, 'SA286', '', '', '', '', '', '', '', '', '', '', ''),
(287, 'SA287', '', '', '', '', '', '', '', '', '', '', ''),
(288, 'SA288', '', '', '', '', '', '', '', '', '', '', ''),
(289, 'SA289', '', '', '', '', '', '', '', '', '', '', ''),
(290, 'SA290', '', '', '', '', '', '', '', '', '', '', ''),
(291, 'SA291', '', '', '', '', '', '', '', '', '', '', ''),
(292, 'SA292', '', '', '', '', '', '', '', '', '', '', ''),
(293, 'SA293', '', '', '', '', '', '', '', '', '', '', ''),
(294, 'SA294', '', '', '', '', '', '', '', '', '', '', ''),
(295, 'SA295', '', '', '', '', '', '', '', '', '', '', ''),
(296, 'SA296', '', '', '', '', '', '', '', '', '', '', ''),
(297, 'SA297', '', '', '', '', '', '', '', '', '', '', ''),
(298, 'SA298', '', '', '', '', '', '', '', '', '', '', ''),
(299, 'SA299', '', '', '', '', '', '', '', '', '', '', ''),
(300, 'SA300', '', '', '', '', '', '', '', '', '', '', ''),
(301, 'SA301', '', '', '', '', '', '', '', '', '', '', ''),
(302, 'SA302', '', '', '', '', '', '', '', '', '', '', ''),
(303, 'SA303', '', '', '', '', '', '', '', '', '', '', ''),
(304, 'SA304', '', '', '', '', '', '', '', '', '', '', ''),
(305, 'SA305', '', '', '', '', '', '', '', '', '', '', ''),
(306, 'SA306', '', '', '', '', '', '', '', '', '', '', ''),
(307, 'SA307', '', '', '', '', '', '', '', '', '', '', ''),
(308, 'SA308', '', '', '', '', '', '', '', '', '', '', ''),
(309, 'SA309', '', '', '', '', '', '', '', '', '', '', ''),
(310, 'SA310', '', '', '', '', '', '', '', '', '', '', ''),
(311, 'SA311', '', '', '', '', '', '', '', '', '', '', ''),
(312, 'SA312', '', '', '', '', '', '', '', '', '', '', ''),
(313, 'SA313', '', '', '', '', '', '', '', '', '', '', ''),
(314, 'SA314', '', '', '', '', '', '', '', '', '', '', ''),
(315, 'SA315', '', '', '', '', '', '', '', '', '', '', ''),
(316, 'SA316', '', '', '', '', '', '', '', '', '', '', ''),
(317, 'SA317', '', '', '', '', '', '', '', '', '', '', ''),
(318, 'SA318', '', '', '', '', '', '', '', '', '', '', ''),
(319, 'SA319', '', '', '', '', '', '', '', '', '', '', ''),
(320, 'SA320', '', '', '', '', '', '', '', '', '', '', ''),
(321, 'SA321', '', '', '', '', '', '', '', '', '', '', ''),
(322, 'SA322', '', '', '', '', '', '', '', '', '', '', ''),
(323, 'SA323', '', '', '', '', '', '', '', '', '', '', ''),
(324, 'SA324', '', '', '', '', '', '', '', '', '', '', ''),
(325, 'SA325', '', '', '', '', '', '', '', '', '', '', ''),
(326, 'SA326', '', '', '', '', '', '', '', '', '', '', ''),
(327, 'SA327', '', '', '', '', '', '', '', '', '', '', ''),
(328, 'SA328', '', '', '', '', '', '', '', '', '', '', ''),
(329, 'SA329', '', '', '', '', '', '', '', '', '', '', ''),
(330, 'SA330', '', '', '', '', '', '', '', '', '', '', ''),
(331, 'SA331', '', '', '', '', '', '', '', '', '', '', ''),
(332, 'SA332', '', '', '', '', '', '', '', '', '', '', ''),
(333, 'SA333', '', '', '', '', '', '', '', '', '', '', '');

-- --------------------------------------------------------

--
-- Table structure for table `t_kecamatan`
--

CREATE TABLE `t_kecamatan` (
  `id_kecamatan` varchar(7) NOT NULL,
  `kabupaten_id` varchar(4) NOT NULL,
  `nm_kecamatan` varchar(30) NOT NULL,
  `lat` varchar(50) NOT NULL,
  `lon` varchar(50) NOT NULL
) ENGINE=InnoDB DEFAULT CHARSET=utf8;

--
-- Dumping data for table `t_kecamatan`
--

INSERT INTO `t_kecamatan` (`id_kecamatan`, `kabupaten_id`, `nm_kecamatan`, `lat`, `lon`) VALUES
('3271010', '3271', ' Bogor Selatan', '', ''),
('3271020', '3271', ' Bogor Timur', '', ''),
('3271030', '3271', ' Bogor Utara', '', ''),
('3271040', '3271', ' Bogor Tengah', '', ''),
('3271050', '3271', ' Bogor Barat', '', ''),
('3271060', '3271', ' Tanah Sereal', '', '');

-- --------------------------------------------------------

--
-- Table structure for table `t_kelurahan`
--

CREATE TABLE `t_kelurahan` (
  `id_desa` varchar(10) NOT NULL,
  `kecamatan_id` varchar(7) NOT NULL,
  `nm_desa` varchar(40) NOT NULL
) ENGINE=InnoDB DEFAULT CHARSET=utf8;

--
-- Dumping data for table `t_kelurahan`
--

INSERT INTO `t_kelurahan` (`id_desa`, `kecamatan_id`, `nm_desa`) VALUES
('3271010001', '3271010', 'Mulyaharja'),
('3271010002', '3271010', 'Pamoyanan'),
('3271010003', '3271010', 'Ranggamekar'),
('3271010004', '3271010', 'Genteng'),
('3271010005', '3271010', 'Kertamaya'),
('3271010006', '3271010', 'Rancamaya'),
('3271010007', '3271010', 'Bojongkerta'),
('3271010008', '3271010', 'Harjasari'),
('3271010009', '3271010', 'Muarasari'),
('3271010010', '3271010', 'Pakuan'),
('3271010011', '3271010', 'Cipaku'),
('3271010012', '3271010', 'Lawanggintung'),
('3271010013', '3271010', 'Batutulis'),
('3271010014', '3271010', 'Bondongan'),
('3271010015', '3271010', 'Empang'),
('3271010016', '3271010', 'Cikaret'),
('3271020001', '3271020', 'Sindangsari'),
('3271020002', '3271020', 'Sindangrasa'),
('3271020003', '3271020', 'Tajur'),
('3271020004', '3271020', 'Katulampa'),
('3271020005', '3271020', 'Baranangsiang'),
('3271020006', '3271020', 'Sukasari'),
('3271030001', '3271030', 'Bantarjati'),
('3271030002', '3271030', 'Tegalgundil'),
('3271030003', '3271030', 'Tanahbaru'),
('3271030004', '3271030', 'Cimahpar'),
('3271030005', '3271030', 'Ciluar'),
('3271030006', '3271030', 'Cibuluh'),
('3271030007', '3271030', 'Kedunghalang'),
('3271030008', '3271030', 'Ciparigi'),
('3271040001', '3271040', 'Paledang'),
('3271040002', '3271040', 'Gudang'),
('3271040003', '3271040', 'Babakanpasar'),
('3271040004', '3271040', 'Tegallega'),
('3271040005', '3271040', 'Babakan'),
('3271040006', '3271040', 'Sempur'),
('3271040007', '3271040', 'Pabaton'),
('3271040008', '3271040', 'Cibogor'),
('3271040009', '3271040', 'Panaragan'),
('3271040010', '3271040', 'Kebonkelapa'),
('3271040011', '3271040', 'Ciwaringin'),
('3271050001', '3271050', 'Pasirmulya'),
('3271050002', '3271050', 'Pasirkuda'),
('3271050003', '3271050', 'Pasirjaya'),
('3271050004', '3271050', 'Gunungbatu'),
('3271050005', '3271050', 'Loji'),
('3271050006', '3271050', 'Menteng'),
('3271050007', '3271050', 'Cilendek Timur'),
('3271050008', '3271050', 'Cilendek Barat'),
('3271050009', '3271050', 'Sindangbarang'),
('3271050010', '3271050', 'Margajaya'),
('3271050011', '3271050', 'Balungbangjaya'),
('3271050012', '3271050', 'Situgede'),
('3271050013', '3271050', 'Bubulak'),
('3271050014', '3271050', 'Semplak'),
('3271050015', '3271050', 'Curugmekar'),
('3271050016', '3271050', 'Curug'),
('3271060001', '3271060', 'Kedungwaringin'),
('3271060002', '3271060', 'Kedungjaya'),
('3271060003', '3271060', 'Kebonpedes'),
('3271060004', '3271060', 'Tanahsareal'),
('3271060005', '3271060', 'Kedungbadak'),
('3271060006', '3271060', 'Sukaresmi'),
('3271060007', '3271060', 'Sukadamai'),
('3271060008', '3271060', 'Cibadak'),
('3271060009', '3271060', 'Kayumanis'),
('3271060010', '3271060', 'Mekarwangi'),
('3271060011', '3271060', 'Kencana');

-- --------------------------------------------------------

--
-- Table structure for table `t_lokasi`
--

CREATE TABLE `t_lokasi` (
  `id` int(20) NOT NULL,
  `id_sa` varchar(50) NOT NULL,
  `kecamatan` varchar(7) NOT NULL,
  `kelurahan` varchar(10) NOT NULL,
  `rt` varchar(5) NOT NULL,
  `rw` varchar(5) NOT NULL,
  `almt` text NOT NULL,
  `no_sk_lh` varchar(50) NOT NULL,
  `no_sk_kel` varchar(50) NOT NULL,
  `longitude` varchar(50) NOT NULL,
  `latitude` varchar(50) NOT NULL,
  `ls_lahan` varchar(15) NOT NULL,
  `ls_lahan_terbangun` varchar(15) NOT NULL,
  `perkiraan_sisa_lhn` varchar(15) NOT NULL,
  `status_lahan` varchar(30) NOT NULL,
  `pendanaan` varchar(30) NOT NULL,
  `thn_pembangunan` varchar(10) NOT NULL,
  `foto` varchar(100) NOT NULL
) ENGINE=InnoDB DEFAULT CHARSET=latin1;

--
-- Dumping data for table `t_lokasi`
--

INSERT INTO `t_lokasi` (`id`, `id_sa`, `kecamatan`, `kelurahan`, `rt`, `rw`, `almt`, `no_sk_lh`, `no_sk_kel`, `longitude`, `latitude`, `ls_lahan`, `ls_lahan_terbangun`, `perkiraan_sisa_lhn`, `status_lahan`, `pendanaan`, `thn_pembangunan`, `foto`) VALUES
(1, 'id_sa', 'kecamat', 'kelurahan', 'rt', 'rw', 'almt', 'no_sk_lh', 'no_sk_kel', 'longitude', 'latitude', 'ls_lahan', 'ls_lahan_terban', 'perkiraan_sisa_', 'status_lahan', 'pendanaan', 'thn_pemban', ''),
(2, 'SA2', '3271040', '3271040006', '1', '4', 'Kampung Rambutan', 'Tidak Ada', 'Tidak Ada', '-6.5872', '106.7975', '36', '36', '-', 'Hibah', 'APBD', '2016', ''),
(3, 'SA3', '3271040', '3271040006', '1', '4', 'Kampung Rambutan', 'Tidak Ada', 'Tidak Ada', '-6.5881', '106.7974', '15', '15', '-', 'Milik Pemerintah', 'APBN', '2013', ''),
(4, 'SA4', '3271040', '3271040006', '1', '4', 'Kampung Cilio', 'Tidak Ada', 'Tidak Ada', '-6.5867', '106.7974', '40', '28', '12', 'Hibah', 'Swadaya Masyarakat', '1970-an', ''),
(5, 'SA5', '3271050', '3271050010', '1', '3', 'Kampung Dramaga', 'Tidak Ada', 'Tidak Ada', '-6.5737', '106.7443', '100', '100', '-', 'Hibah', 'APBD', '2010', ''),
(6, 'SA6', '3271050', '3271050010', '2', '5', 'Kampung Dramaga Kaum', 'Tidak Ada', 'Tidak Ada', '-6.574', '106.7405', '20', '9', '11', 'hibah', 'APBD', '2014', ''),
(7, 'SA7', '3271050', '3271050010', '2', '4', 'Kampung Dramaga Lonceng', 'Tidak Ada', 'Tidak Ada', '-6.5753', '106.744', '15', '12', '3', 'Milik Masyarakat', 'APBD', '2010', ''),
(8, 'SA8', '3271040', '3271040008', '1', '2', 'Kampung Ciwaringin Tanah Sewa', 'Tidak Ada', 'Tidak Ada', '-6.5844', '106.7928', '12', '9', '3', 'DAS', 'Swadaya Masyarakat', '2002', ''),
(9, 'SA9', '3271040', '3271040008', '1', '2', 'Kampung Cibogor', 'Tidak Ada', 'Tidak Ada', '-6.5844', '106.7928', '25', '5', '20', '', '', '', ''),
(10, 'SA10', '3271040', '3271040008', '1', '4', 'Kampung Cibogor', 'Tidak Ada', 'Tidak Ada', '-6.5849', '106.7933', '20', '14.5', '5.5', 'Milik Masyarakat', 'APBD', '2016', ''),
(11, 'SA11', '3271040', '3271040008', '2', '5', 'Kampung Ardio', 'Tidak Ada', 'Tidak Ada', '-6.5862', '106.7907', '30', '24', '6', 'DAS', 'lainnya', '', ''),
(12, 'SA12', '3271040', '3271040008', '3', '5', 'Kampung Ardio', 'Tidak Ada', 'Tidak Ada', '-6.5849', '106.7907', '50', '30', '20', 'Hibah', '', '', ''),
(13, 'SA13', '3271040', '3271040008', '4', '5', 'Kampung Ardio', 'Tidak Ada', 'Tidak Ada', '-6.5873', '106.7908', '15', '15', '-', 'Milik pemerintah', 'APBD', '2010', ''),
(14, 'SA14', '3271040', '3271040008', '3', '3', 'Kampung Ambesin', 'Tidak Ada', 'Tidak Ada', '-6.5847', '106.7934', '6', '6', '-', 'Hibah', 'APBD', '2011', ''),
(15, 'SA15', '3271040', '3271040008', '3', '6', 'Gang Hj Sarmidi', 'Tidak Ada', 'Tidak Ada', '-6.5883', '106.7907', '15', '15', '-', '', '', '', ''),
(16, 'SA16', '3271040', '3271040008', '4', '4', 'Gang Masjid', 'Tidak Ada', 'Tidak Ada', '-6.5855', '106.7937', '20', '15', '5', 'Milik Masyarakat', 'Lainnya', '2009', ''),
(17, 'SA17', '3271050', '3271050006', '4', '15', 'Kampung Pertanian', 'Tidak Ada', 'Tidak Ada', '-6.5756', '106.7837', '24', '20', '4', 'Milik Masyarakat', 'Swadaya Masyarakat', '70 an', ''),
(18, 'SA18', '3271050', '3271050006', '3', '10', 'Gang Kelor', 'Tidak Ada', 'Tidak Ada', '-6.5797', '106.7716', '160', '40', '120', 'hibah', 'APBD', '1990 an', ''),
(19, 'SA19', '3271050', '3271050006', '1', '10', 'Gang Kelor', 'Tidak Ada', 'Tidak Ada', '-6.5806', '106.7726', '30', '24', '6', 'fasum', 'Swadaya Masyarakat', '1980 an', ''),
(20, 'SA20', '3271050', '3271050006', '4', '11', 'Pemutihan', 'Tidak Ada', 'Tidak Ada', '-6.5774', '106.7842', '35', '24', '11', 'fasum', 'PNPM', '', ''),
(21, 'SA21', '3271050', '3271050006', '3', '11', 'Pemutihan', 'Tidak Ada', 'Tidak Ada', '-6.5767', '106.7828', '40', '24', '16', 'fasum', 'Swadaya Masyarakat', '2016', ''),
(22, 'SA22', '3271050', '3271050006', '2', '7', 'Kelapa Sanggeh', 'Tidak Ada', 'Tidak Ada', '-6.5873', '106.787', '24', '24', '-', 'milik pemerintah', 'APBD', '2015', ''),
(23, 'SA23', '3271040', '3271040002', '2', '5', 'Gang Aut', 'Tidak Ada', 'Tidak Ada', '-6.6116', '106.8035', '20', '18', '2', 'DAS', 'APBD', '2008', ''),
(24, 'SA24', '3271040', '3271040002', '2', '5', 'Gang Aut', 'Tidak Ada', 'Tidak Ada', '-6.6116', '106.804', '30', '18', '12', 'DAS', 'APBD', '2008', ''),
(25, 'SA25', '3271040', '3271040002', '3', '3', 'Kampung Padasuka', 'Tidak Ada', 'Tidak Ada', '-6.6088', '106.8009', '25', '12', '13', 'Milik Masyarakat', 'Swadaya Masyarakat', '2008', ''),
(26, 'SA26', '3271040', '3271040002', '3', '3', 'Kampung Padasuka', 'Tidak Ada', 'Tidak Ada', '-6.6088', '106.8009', '14', '10', '4', 'Milik Masyarakat', 'BPLH', '2012', ''),
(27, 'SA27', '3271040', '3271040002', '3', '3', 'Kampung Padasuka', 'Tidak Ada', 'Tidak Ada', '-6.6088', '106.8009', '20', '15', '5', 'Milik Masyarakat', 'Swadaya Masyarakat', '2005', ''),
(28, 'SA28', '3271040', '3271040002', '2', '11', 'Kampung Padasuka', 'Tidak Ada', 'Tidak Ada', '-6.6081', '106.7994', '18', '8', '10', 'DAS', 'APBD', '2011', ''),
(29, 'SA29', '3271040', '3271040002', '3', '11', 'Kebon Pala', 'Tidak Ada', 'Tidak Ada', '-6.6085', '106.7998', '15', '15', '-', 'DAS', 'APBD', '2014', ''),
(30, 'SA30', '3271040', '3271040002', '3', '11', 'Kebon Pala', 'Tidak Ada', 'Tidak Ada', '-6.6086', '106.7996', '16', '16', '-', 'Lahan Masjid', 'Swadaya Masyarakat', '2001', ''),
(31, 'SA31', '3271040', '3271040002', '3', '2', 'Kampung cincau', 'Tidak Ada', 'Tidak Ada', '-6.6075', '106.7991', '20', '16', '4', 'Milik Masyarakat', 'P2KP', '2001', ''),
(34, 'SA34', '3271010', '3271010011', '3', '7', 'Cipaku Haji', '', '', '-6.63335', '106.81793', '30', '8', '22', 'Milik Masyarakat', '', '', ''),
(35, 'SA35', '3271010', '3271010010', '3', '3', 'Babakan Anyar', '', '', '-6.63055', '106.82128', '40', '4.2', '35.8', 'Milik Masyarakat', '', '', ''),
(36, 'SA36', '3271010', '3271010008', '4', '5', 'Jl. Rulita', '', '', '-6.653', '106.84264', '30', '9', '21', 'Milik Masyarakat', '', '', ''),
(37, 'SA37', '3271010', '3271010008', '1', '11', 'Indah Sari', '', '', '-6.64735', '106.83676', '20', '10', '10', 'Milik Masyarakat', '', '', ''),
(38, 'SA38', '3271010', '3271010008', '1', '13', 'Mulyasari', '', '', '-6.67594', '106.84703', '40', '5', '35', 'Milik Masyarakat', '', '', ''),
(39, 'SA39', '3271010', '3271010008', '3', '9', 'Bakom Sari', '', '', '-6.66441', '106.84342', '70', '40', '30', 'Milik Masyarakat', '', '', ''),
(40, 'SA40', '3271010', '3271010003', '', '11', 'Lebak Wangi', '', '', '-6.6203', '106.80067', '30', '5', '25', 'Milik Masyarakat', '', '', ''),
(41, 'SA41', '3271010', '3271010005', '2', '8', 'Gg. Pala Margabakti', '', '', '-6.65161', '106.82332', '30', '8', '22', 'Milik Rancamaya', '', '', ''),
(42, 'SA42', '3271010', '3271010002', '2', '11', 'Pabuaran', '', '', '-6.64162', '106.79595', '50', '8', '42', 'Milik Masyarakat', '', '', ''),
(43, 'SA43', '3271010', '3271010001', '1', '11', 'Cibeureum', '', '', '-6.6512', '106.77822', '15', '8', '7', 'Hibah', '', '', ''),
(44, 'SA44', '3271010', '3271010001', '3', '4', 'Cibeureum', '', '', '-6.64543', '106.78723', '100', '40', '60', 'Milik Perumahan', '', '', ''),
(45, 'SA45', '3271010', '3271010001', '1', '1', 'Lemah Duhur', '', '', '-6.6544', '106.78057', '50', '8', '42', 'Milik Masyarakat', '', '', ''),
(46, 'SA46', '3271010', '3271010001', '5', '1', 'Lemah Duhur', '', '', '-6.65103', '106.78681', '50', '10', '40', 'Milik Masyarakat', '', '', ''),
(47, 'SA47', '3271010', '3271010016', '2', '7', 'Cikaret', '', '', '-6.61824', '106.78603', '20', '8', '12', 'Hibah', 'APBD', '2013', ''),
(48, 'SA48', '3271010', '3271010016', '2', '2', 'Gg. Kesadaran', '', '', '-6.61222', '106.78923', '40', '25', '15', 'Tanah Wakaf', 'APBD', '2009', ''),
(49, 'SA49', '3271010', '3271010016', '1', '1', 'Gg. Madrasah', '', '', '-6.6136', '106.78992', '30', '10.5', '19.5', 'Milik Masyarakat', 'APBN', '2014', ''),
(50, 'SA50', '3271010', '3271010016', '6', '4', 'Gg. Pangumbahan', '', '', '-6.61723', '106.7871', '20', '8', '12', 'Milik Masyarakat', '', '', ''),
(51, '', '3271010', '3271010006', '2', '5', 'Legok Muncang', '', '', '-6.67661', '106.82816', '110', '9', '101', 'Milik Masyarakat', 'APBD', '2015', ''),
(52, '', '3271010', '3271010006', '2', '5', 'Legok Muncang', '', '', '-6.67661', '106.82816', '110', '9', '101', 'Milik Masyarakat', 'APBD', '2015', ''),
(53, '', '3271010', '3271010006', '2', '5', 'Legok Muncang', '', '', '-6.67661', '106.82816', '110', '9', '101', 'Milik Masyarakat', 'APBD', '2015', ''),
(54, '', '3271010', '3271010006', '2', '5', 'Legok Muncang', '', '', '-6.67661', '106.82816', '110', '9', '101', 'Milik Masyarakat', 'APBD', '2015', ''),
(55, 'SA55', '3271010', '3271010003', '', '5', 'RW.05', '', '', '-6.61931', '106.79918', '', '', '', '', '', '', ''),
(56, 'SA56', '3271010', '3271010003', '', '13', 'RW.013', '', '', '-6.62220', '106.80332', '', '', '', '', '', '', ''),
(57, 'SA57', '3271010', '3271010003', '', '7', 'RW.07', '', '', '-6.62760', '106.80699', '', '', '', '', '', '', ''),
(58, 'SA58', '3271010', '3271010003', '', '6', 'RW.06', '', '', '-6.63021', '106.80217', '', '', '', '', '', '', ''),
(59, 'SA59', '3271010', '3271010003', '', '2', 'RW.02', '', '', '-6.63277', '106.80412', '', '', '', '', '', '', ''),
(60, 'SA60', '3271010', '3271010003', '', '1', 'RW.01', '', '', '-6.62985', '106.80615', '', '', '', '', '', '', ''),
(61, 'SA61', '3271010', '3271010003', '3', '6', 'RT. 003/006', '', '', '-6.62934', '106.80189', '', '', '', '', '', '', ''),
(62, 'SA62', '3271010', '3271010003', '4', '6', 'RT. 004/006', '', '', '-6.63037', '106.80240', '', '', '', '', '', '', ''),
(63, 'SA63', '3271010', '3271010003', '1', '1', 'RT. 001/001', '', '', '-6.63021', '106.80629', '', '', '', '', '', '', ''),
(64, 'SA64', '3271010', '3271010003', '2', '2', 'RT. 002/002', '', '', '-6.63294', '106.80425', '', '', '', '', '', '', ''),
(65, 'SA65', '3271010', '3271010003', '2', '2', 'RT. 002/002', '', '', '-6.63319', '106.80452', '', '', '', '', '', '', ''),
(66, 'SA66', '3271010', '3271010003', '3', '2', 'RT. 003/002', '', '', '-6.63349', '106.80450', '', '', '', '', '', '', ''),
(67, 'SA67', '3271010', '3271010003', '4', '7', 'RT. 004/007', '', '', '-6.62745', '106.80700', '', '', '', '', '', '', ''),
(68, 'SA68', '3271010', '3271010016', '2', '4', 'RT.002/004', '', '', '-6.61078', '106.78916', '', '', '', '', '', '', ''),
(69, 'SA69', '3271010', '3271010016', '3', '5', 'RT.003/005', '', '', '-6.61544', '106.78335', '', '', '', '', '', '', ''),
(70, 'SA70', '3271010', '3271010016', '4', '8', 'RT.004/008', '', '', '-6.61827', '106.78777', '', '', '', '', '', '', ''),
(71, 'SA71', '3271010', '3271010012', '2', '5', 'RT.02/05', '', '', '-6.62449', '106.81030', '', '', '', '', '', '', ''),
(72, 'SA72', '3271010', '3271010012', '2', '7', 'RT.02/07', '', '', '-6.63061', '106.81510', '', '', '', '', '', '', ''),
(73, 'SA73', '3271010', '3271010012', '2', '7', 'RT.02/07', '', '', '-6.63032', '106.81507', '', '', '', '', '', '', ''),
(74, 'SA74', '3271010', '3271010012', '4', '7', 'RT.04/07', '', '', '-6.62984', '106.81502', '', '', '', '', '', '', ''),
(75, 'SA75', '3271010', '3271010015', '', '3', 'RW.03', '', '', '-6.61307', '106.79497', '', '', '', '', '', '', ''),
(76, 'SA76', '3271010', '3271010015', '', '10', 'RW.10', '', '', '-6.60860', '106.79788', '', '', '', '', '', '', ''),
(77, 'SA77', '3271010', '3271010006', '1', '1', 'RT 01/RW 01 (1.Cikaramat)', '', '', '-6.67820', '106.83041', '', '', '', '', '', '', ''),
(78, 'SA78', '3271010', '3271010006', '2', '3', 'RT 02/RW 03 (2.Citangkil)', '', '', '-6.67171', '106.83227', '', '', '', '', '', '', ''),
(79, 'SA79', '3271010', '3271010006', '2', '5', 'RT 02/RW 05 (4.Cijairah)', '', '', '-6.67681', '106.82766', '', '', '', '', '', '', ''),
(80, 'SA80', '3271010', '3271010006', '2', '5', 'RT 02/RW 05 (5.Ciahid)', '', '', '-6.67696', '106.82783', '', '', '', '', '', '', ''),
(81, 'SA81', '3271010', '3271010006', '3', '4', 'RT 03/RW 04 (6.Cikobak)', '', '', '-6.66793', '106.82998', '', '', '', '', '', '', ''),
(82, 'SA82', '3271010', '3271010006', '3', '6', 'RT 03/RW 06 (7.Cipancasan)', '', '', '-6.67000', '106.82216', '', '', '', '', '', '', ''),
(83, 'SA83', '3271010', '3271010006', '3', '7', 'RT 03/RW 07 (8.Ciandong)', '', '', '-6.67062', '106.82954', '', '', '', '', '', '', ''),
(84, 'SA84', '3271010', '3271010013', '1', '6', 'RT 01/RW 06', '', '', '-6.62183', '106.81209', '', '', '', '', '', '', ''),
(85, 'SA85', '3271010', '3271010013', '4', '8', 'RT 04/RW 08', '', '', '-6.62255', '106.80791', '', '', '', '', '', '', ''),
(86, 'SA86', '3271010', '3271010013', '6', '4', 'RT 06/RW 04', '', '', '-6.62053', '106.80824', '', '', '', '', '', '', ''),
(87, 'SA87', '3271010', '3271010013', '2', '10', 'RT 02/RW 10', '', '', '-6.62447', '106.80740', '', '', '', '', '', '', ''),
(88, 'SA88', '3271010', '3271010013', '1', '5', 'RT 01/RW 05', '', '', '-6.61819', '106.80994', '', '', '', '', '', '', ''),
(89, 'SA89', '3271010', '3271010013', '2', '9', 'RT 02/RW 09', '', '', '-6.62197', '106.80399', '', '', '', '', '', '', ''),
(90, 'SA90', '3271010', '3271010001', '2', '5', '3.RT.02/05', '', '', '-6.63593', '106.78654', '', '', '', '', '', '', ''),
(91, 'SA91', '3271010', '3271010001', '6', '2', '4.RT.06/02', '', '', '-6.63837', '106.79379', '', '', '', '', '', '', ''),
(92, 'SA92', '3271010', '3271010008', '4', '3', 'RT 04/03', '', '', '-6.65230', '106.84055', '', '', '', '', '', '', ''),
(93, 'SA93', '3271010', '3271010008', '2', '10', 'RT 02/10', '', '', '-6.67037', '106.84580', '', '', '', '', '', '', ''),
(94, 'SA94', '3271010', '3271010007', '', '1', 'Situbereum Rw 01', '', '', '-6.67640', '106.83467', '', '', '', '', '', '', ''),
(95, 'SA95', '3271010', '3271010007', '', '2', 'Bojongkidul Rw 02', '', '', '-6.67597', '106.84213', '', '', '', '', '', '', ''),
(96, 'SA96', '3271010', '3271010007', '', '3', 'Bojong Pesantren Rw 03', '', '', '-6.67083', '106.84117', '', '', '', '', '', '', ''),
(97, 'SA97', '3271010', '3271010007', '', '4', 'Bojongkaler Rw 04', '', '', '-6.66318', '106.83741', '', '', '', '', '', '', ''),
(98, 'SA98', '3271010', '3271010007', '', '5', 'Bakom Rw 05', '', '', '-6.66676', '106.84206', '', '', '', '', '', '', ''),
(99, 'SA99', '3271010', '3271010007', '', '6', 'Bakom - Tugu Rw 06', '', '', '-6.66202', '106.83881', '', '', '', '', '', '', ''),
(100, 'SA100', '3271010', '3271010004', '2', '4', '1.RT.002/004', '', '', '-6.64802', '106.81864', '', '', '', '', '', '', ''),
(101, 'SA101', '3271010', '3271010004', '2', '5', '2.RT.002/005', '', '', '-6.64769', '106.81533', '', '', '', '', '', '', ''),
(102, 'SA102', '3271010', '3271010004', '', '6', '3.RW.006', '', '', '-6.64972', '106.81149', '', '', '', '', '', '', ''),
(103, 'SA103', '3271010', '3271010004', '', '7', '4.RW.007', '', '', '-6.65220', '106.81009', '', '', '', '', '', '', ''),
(104, 'SA104', '3271010', '3271010004', '2', '10', '5.RT.002/010', '', '', '-6.65026', '106.81547', '', '', '', '', '', '', ''),
(105, 'SA105', '3271010', '3271010002', '2', '8', 'Kp.Bojong RT 02 RW 08', '', '', '-6.64197', '106.80891', '', '', '', '', '', '', ''),
(106, 'SA106', '3271010', '3271010002', '', '3', 'Kp.Ciranjang RT 01,02,04 RW 03', '', '', '-6.64292', '106.80282', '', '', '', '', '', '', ''),
(107, 'SA107', '3271010', '3271010002', '1', '12', 'Kp.Nagrog RT 01 RW 12', '', '', '-6.64636', '106.80551', '', '', '', '', '', '', ''),
(108, 'SA108', '3271010', '3271010002', '2', '4', 'Kp.Sawah Bera RT 02 RW 04', '', '', '-6.63487', '106.80125', '', '', '', '', '', '', ''),
(109, 'SA109', '3271010', '3271010002', '4', '13', 'Bogor Park Residence RT 004 RW 013', '', '', '-6.63655', '106.80510', '', '', '', '', '', '', ''),
(110, 'SA110', '3271010', '3271010011', '1', '15', 'RT.01/15', '', '', '-6.64218', '106.81073', '', '', '', '', '', '', ''),
(111, 'SA111', '3271010', '3271010011', '2', '15', 'RT.02/15', '', '', '-6.64161', '106.81028', '', '', '', '', '', '', ''),
(112, 'SA112', '3271010', '3271010011', '3', '15', 'RT.03/15', '', '', '-6.64271', '106.81137', '', '', '', '', '', '', ''),
(113, 'SA113', '3271010', '3271010011', '', '3', 'RW.03', '', '', '-6.63536', '106.81414', '', '', '', '', '', '', ''),
(114, 'SA114', '3271010', '3271010011', '', '6', 'RW.06', '', '', '-6.63221', '106.81663', '', '', '', '', '', '', ''),
(115, 'SA115', '3271010', '3271010011', '', '17', 'RW.17', '', '', '-6.63264', '106.81020', '', '', '', '', '', '', ''),
(116, 'SA116', '3271010', '3271010014', '3', '4', 'RT.03/04', '', '', '-6.61666', '106.80818', '', '', '', '', '', '', ''),
(117, 'SA117', '3271010', '3271010014', '3', '7', 'RT.03/07', '', '', '-6.61228', '106.80358', '', '', '', '', '', '', ''),
(118, 'SA118', '3271010', '3271010014', '', '8', 'RT.02,04/08', '', '', '-6.61050', '106.80140', '', '', '', '', '', '', ''),
(119, 'SA119', '3271010', '3271010014', '5', '16', 'RT.05/16', '', '', '-6.61367', '106.80478', '', '', '', '', '', '', ''),
(120, 'SA120', '3271010', '3271010014', '3', '20', 'RT.03/20', '', '', '-6.60748', '106.79726', '', '', '', '', '', '', ''),
(121, 'SA121', '3271010', '3271010010', '3', '7', 'RT.003/007', '', '', '-6.62998', '106.81966', '', '', '', '', '', '', ''),
(122, 'SA122', '3271010', '3271010010', '4', '5', 'RT.004/005', '', '', '-6.63650', '106.82384', '', '', '', '', '', '', ''),
(123, 'SA123', '3271010', '3271010010', '4', '6', 'RT.004/006', '', '', '-6.64640', '106.83400', '', '', '', '', '', '', ''),
(124, 'SA124', '3271050', '3271050008', '', '2', 'RT.3,4 RW.2', '', '', '-6.57803', '106.76989', '', '', '', '', '', '', ''),
(125, 'SA125', '3271050', '3271050008', '', '3', 'RT.3,4 RW.3', '', '', '-6.57699', '106.76981', '', '', '', '', '', '', ''),
(126, 'SA126', '3271050', '3271050008', '4', '3', 'RT.4 RW.3', '', '', '-6.57726', '106.76995', '', '', '', '', '', '', ''),
(127, 'SA127', '3271050', '3271050008', '', '4', 'RT.1,2,3,4 RW.4', '', '', '-6.57641', '106.76854', '', '', '', '', '', '', ''),
(128, 'SA128', '3271050', '3271050008', '5', '5', 'RT.5 RW.5', '', '', '-6.57525', '106.76790', '', '', '', '', '', '', ''),
(129, 'SA129', '3271050', '3271050008', '', '12', 'RT.3,5 RW.12', '', '', '-6.56770', '106.76169', '', '', '', '', '', '', ''),
(130, 'SA130', '3271050', '3271050008', '2', '11', 'RT.2 RW.11', '', '', '-6.57043', '106.76377', '', '', '', '', '', '', ''),
(131, 'SA131', '3271050', '3271050008', '3', '16', 'RT.3 RW.16', '', '', '-6.56986', '106.77218', '', '', '', '', '', '', ''),
(132, 'SA132', '3271050', '3271050008', '', '17', 'RT.1,4 RW.17', '', '', '-6.57233', '106.77354', '', '', '', '', '', '', ''),
(133, 'SA133', '3271050', '3271050008', '4', '18', 'RT.4 RW.18', '', '', '-6.57474', '106.77381', '', '', '', '', '', '', ''),
(134, 'SA134', '3271050', '3271050007', '', '1', 'RW.01', '', '', '-6.57386', '106.77428', '', '', '', '', '', '', ''),
(135, 'SA135', '3271050', '3271050007', '', '2', 'RW.02', '', '', '-6.57403', '106.77598', '', '', '', '', '', '', ''),
(136, 'SA136', '3271050', '3271050007', '', '3', 'RW.03', '', '', '-6.57158', '106.77367', '', '', '', '', '', '', ''),
(137, 'SA137', '3271050', '3271050007', '', '4', 'RW.04', '', '', '-6.57048', '106.77506', '', '', '', '', '', '', ''),
(138, 'SA138', '3271050', '3271050007', '', '5', 'RW.05', '', '', '-6.56904', '106.77253', '', '', '', '', '', '', ''),
(139, 'SA139', '3271050', '3271050007', '', '6', 'RW.06', '', '', '-6.57536', '106.78312', '', '', '', '', '', '', ''),
(140, 'SA140', '3271050', '3271050007', '', '7', 'RW.07', '', '', '-6.57472', '106.78264', '', '', '', '', '', '', ''),
(141, 'SA141', '3271050', '3271050007', '', '8', 'RW.08', '', '', '-6.57300', '106.78154', '', '', '', '', '', '', ''),
(142, 'SA142', '3271050', '3271050007', '', '9', 'RW.09', '', '', '-6.56732', '106.77245', '', '', '', '', '', '', ''),
(143, 'SA143', '3271050', '3271050007', '', '10', 'RW.10', '', '', '-6.56960', '106.77532', '', '', '', '', '', '', ''),
(144, 'SA144', '3271050', '3271050007', '', '11', 'RW.11', '', '', '-6.56868', '106.77887', '', '', '', '', '', '', ''),
(145, 'SA145', '3271050', '3271050007', '', '12', 'RW.12', '', '', '-6.57002', '106.77923', '', '', '', '', '', '', ''),
(146, 'SA146', '3271050', '3271050005', '3', '3', 'RT.003 RW.003', '', '', '-6.58163', '106.77030', '', '', '', '', '', '', ''),
(147, 'SA147', '3271050', '3271050005', '5', '3', 'RT.005 RW.003', '', '', '-6.58213', '106.77101', '', '', '', '', '', '', ''),
(148, 'SA148', '3271050', '3271050005', '5', '2', 'RT.005 RW.002', '', '', '-6.58480', '106.77572', '', '', '', '', '', '', ''),
(149, 'SA149', '3271050', '3271050005', '3', '4', 'RT.003 RW.004', '', '', '-6.58270', '106.76785', '', '', '', '', '', '', ''),
(150, 'SA150', '3271050', '3271050005', '4', '1', 'RT.004 RW.001', '', '', '-6.58680', '106.77116', '', '', '', '', '', '', ''),
(151, 'SA151', '3271050', '3271050015', '1', '1', 'RT.01/01', '', '', '-6.56388', '106.76585', '', '', '', '', '', '', ''),
(152, 'SA152', '3271050', '3271050015', '1', '2', 'RT.01/02', '', '', '-6.55990', '106.77117', '', '', '', '', '', '', ''),
(153, 'SA153', '3271050', '3271050015', '6', '9', 'RT.06/09', '', '', '-6.55861', '106.76482', '', '', '', '', '', '', ''),
(154, 'SA154', '3271050', '3271050015', '5', '6', 'RT.05/06', '', '', '-6.55516', '106.76450', '', '', '', '', '', '', ''),
(155, 'SA155', '3271050', '3271050006', '1', '1', 'Rt.01/Rw.01', '', '', '-6.58418', '106.77648', '', '', '', '', '', '', ''),
(156, 'SA156', '3271050', '3271050006', '2', '3', 'Rt.02/Rw.03', '', '', '-6.58492', '106.78592', '', '', '', '', '', '', ''),
(157, 'SA157', '3271050', '3271050006', '4', '3', 'Rt.04/Rw.03', '', '', '-6.58519', '106.78613', '', '', '', '', '', '', ''),
(158, 'SA158', '3271050', '3271050006', '1', '8', 'Rt.01/Rw.08', '', '', '-6.58464', '106.78598', '', '', '', '', '', '', ''),
(159, 'SA159', '3271050', '3271050006', '3', '7', 'Rt.03/Rw.07', '', '', '-6.58605', '106.78687', '', '', '', '', '', '', ''),
(160, 'SA160', '3271050', '3271050006', '4', '9', 'Rt.04/Rw.09', '', '', '-6.57975', '106.77008', '', '', '', '', '', '', ''),
(161, 'SA161', '3271050', '3271050006', '4', '4', 'Rt.04/Rw.04', '', '', '-6.58629', '106.78669', '', '', '', '', '', '', ''),
(162, 'SA162', '3271050', '3271050006', '1', '4', 'Rt.01/Rw.04', '', '', '-6.58680', '106.78675', '', '', '', '', '', '', ''),
(163, 'SA163', '3271050', '3271050006', '1', '14', 'Rt.01/Rw.14', '', '', '-6.58559', '106.78668', '', '', '', '', '', '', ''),
(164, 'SA164', '3271050', '3271050006', '', '15', 'RT.5,7/Rw.15', '', '', '-6.58133', '106.78519', '', '', '', '', '', '', ''),
(165, 'SA165', '3271050', '3271050006', '3', '17', 'Rt.03/Rw.17', '', '', '-6.57820', '106.78051', '', '', '', '', '', '', ''),
(166, 'SA166', '3271050', '3271050006', '3', '15', 'Rt.03/Rw.15', '', '', '-6.58183', '106.78587', '', '', '', '', '', '', ''),
(167, 'SA167', '3271050', '3271050006', '2', '15', 'Rt.02/Rw.15', '', '', '-6.58078', '106.78482', '', '', '', '', '', '', ''),
(168, 'SA168', '3271050', '3271050006', '4', '15', 'Rt.04/Rw.15', '', '', '-6.58054', '106.78483', '', '', '', '', '', '', ''),
(169, 'SA169', '3271050', '3271050006', '1', '15', 'Rt.01/Rw.15', '', '', '-6.58008', '106.78474', '', '', '', '', '', '', ''),
(170, 'SA170', '3271050', '3271050011', '3', '1', 'Rt.003/001', '', '', '-6.56120', '106.74635', '', '', '', '', '', '', ''),
(171, 'SA171', '3271050', '3271050011', '2', '2', 'Rt.002/002', '', '', '-6.56160', '106.74527', '', '', '', '', '', '', ''),
(172, 'SA172', '3271050', '3271050011', '3', '3', 'Rt.003/003', '', '', '-6.56033', '106.74430', '', '', '', '', '', '', ''),
(173, 'SA173', '3271050', '3271050011', '4', '3', 'Rt.004/003', '', '', '-6.55858', '106.74439', '', '', '', '', '', '', ''),
(174, 'SA174', '3271050', '3271050011', '5', '3', 'Rt.005/003', '', '', '-6.55923', '106.74467', '', '', '', '', '', '', ''),
(175, 'SA175', '3271050', '3271050011', '1', '4', 'Rt.001/004', '', '', '-6.55717', '106.74176', '', '', '', '', '', '', ''),
(176, 'SA176', '3271050', '3271050011', '4', '4', 'Rt.004/004', '', '', '-6.55777', '106.74131', '', '', '', '', '', '', ''),
(177, 'SA177', '3271050', '3271050011', '1', '5', 'Rt.001/005', '', '', '-6.55695', '106.73977', '', '', '', '', '', '', ''),
(178, 'SA178', '3271050', '3271050011', '1', '6', 'Rt.001/006', '', '', '-6.55814', '106.73664', '', '', '', '', '', '', ''),
(179, 'SA179', '3271050', '3271050011', '2', '6', 'Rt.002/006', '', '', '-6.55789', '106.73614', '', '', '', '', '', '', ''),
(180, 'SA180', '3271050', '3271050011', '3', '6', 'Rt.003/006', '', '', '-6.55778', '106.73656', '', '', '', '', '', '', ''),
(181, 'SA181', '3271050', '3271050011', '3', '6', 'Rt.003/006', '', '', '-6.55753', '106.73563', '', '', '', '', '', '', ''),
(182, 'SA182', '3271050', '3271050011', '3', '6', 'Rt.003/006', '', '', '-6.55501', '106.73608', '', '', '', '', '', '', ''),
(183, 'SA183', '3271050', '3271050004', '4', '1', 'RT 04/01', '', '', '-6.59274', '106.78256', '', '', '', '', '', '', ''),
(184, 'SA184', '3271050', '3271050004', '3', '2', 'RT 03/02', '', '', '-6.59304', '106.78105', '', '', '', '', '', '', ''),
(185, 'SA185', '3271050', '3271050004', '4', '4', 'RT 04/04', '', '', '-6.59228', '106.77792', '', '', '', '', '', '', ''),
(186, 'SA186', '3271050', '3271050004', '5', '6', 'RT 05/06', '', '', '-6.58980', '106.77933', '', '', '', '', '', '', ''),
(187, 'SA187', '3271050', '3271050004', '1', '8', 'RT 01/08', '', '', '-6.59142', '106.77079', '', '', '', '', '', '', ''),
(188, 'SA188', '3271050', '3271050004', '5', '10', 'RT 05/10', '', '', '-6.58667', '106.77550', '', '', '', '', '', '', ''),
(189, 'SA189', '3271050', '3271050004', '3', '5', 'RT 03/05', '', '', '-6.59088', '106.77854', '', '', '', '', '', '', ''),
(190, 'SA190', '3271050', '3271050004', '3', '2', 'RT 03/02', '', '', '-6.59370', '106.78129', '', '', '', '', '', '', ''),
(191, 'SA191', '3271050', '3271050004', '3', '13', 'RT 03/13', '', '', '-6.58834', '106.77706', '', '', '', '', '', '', ''),
(192, 'SA192', '3271050', '3271050004', '2', '14', 'RT 02/14', '', '', '-6.59025', '106.77817', '', '', '', '', '', '', ''),
(193, 'SA193', '3271050', '3271050002', '6', '2', 'RT.06/RW.02', '', '', '-6.60754', '106.78041', '', '', '', '', '', '', ''),
(194, 'SA194', '3271050', '3271050002', '4', '3', 'RT.04/RW.03', '', '', '-6.60257', '106.78454', '', '', '', '', '', '', ''),
(195, 'SA195', '3271050', '3271050002', '5', '3', 'RT.05/RW.03', '', '', '-6.60425', '106.78609', '', '', '', '', '', '', ''),
(196, 'SA196', '3271050', '3271050002', '7', '3', 'RT.07/RW.03', '', '', '-6.60352', '106.78563', '', '', '', '', '', '', ''),
(197, 'SA197', '3271050', '3271050002', '2', '4', 'RT.02/RW.04', '', '', '-6.60171', '106.78299', '', '', '', '', '', '', ''),
(198, 'SA198', '3271050', '3271050002', '4', '5', 'RT.04/RW.05', '', '', '-6.60288', '106.77941', '', '', '', '', '', '', ''),
(199, 'SA199', '3271050', '3271050002', '4', '6', 'RT.04/RW.06', '', '', '-6.60364', '106.77632', '', '', '', '', '', '', ''),
(200, 'SA200', '3271050', '3271050002', '1', '8', 'RT.01/RW.08', '', '', '-6.61084', '106.78349', '', '', '', '', '', '', ''),
(201, 'SA201', '3271050', '3271050002', '1', '10', 'RT.01/RW.10', '', '', '-6.60413', '106.77951', '', '', '', '', '', '', ''),
(202, 'SA202', '3271050', '3271050012', '3', '1', 'Rt.03/01', '', '', '-6.56035', '106.74588', '', '', '', '', '', '', ''),
(203, 'SA203', '3271050', '3271050012', '2', '3', 'Rt.02/03', '', '', '-6.55526', '106.74884', '', '', '', '', '', '', ''),
(204, 'SA204', '3271050', '3271050012', '4', '4', 'Rt.04/04', '', '', '-6.55372', '106.74474', '', '', '', '', '', '', ''),
(205, 'SA205', '3271050', '3271050012', '2', '5', 'Rt.02/05', '', '', '-6.55143', '106.74942', '', '', '', '', '', '', ''),
(206, 'SA206', '3271050', '3271050012', '2', '6', 'Rt.02/06', '', '', '-6.54522', '106.74364', '', '', '', '', '', '', ''),
(207, 'SA207', '3271050', '3271050012', '1', '7', 'Rt.01/07', '', '', '-6.54766', '106.74713', '', '', '', '', '', '', ''),
(208, 'SA208', '3271050', '3271050012', '1', '8', 'Rt.01/08', '', '', '-6.55225', '106.74156', '', '', '', '', '', '', ''),
(209, 'SA209', '3271050', '3271050014', '1', '1', 'Rt.01/01', '', '', '-6.56132', '106.76465', '', '', '', '', '', '', ''),
(210, 'SA210', '3271050', '3271050014', '2', '3', 'Rt.02/03', '', '', '-6.55912', '106.75942', '', '', '', '', '', '', ''),
(211, 'SA211', '3271050', '3271050014', '1', '5', 'Rt.01/05', '', '', '-6.55552', '106.76390', '', '', '', '', '', '', ''),
(212, 'SA212', '3271050', '3271050014', '2', '5', 'Rt.02/05', '', '', '-6.55490', '106.76397', '', '', '', '', '', '', ''),
(213, 'SA213', '3271050', '3271050014', '1', '8', 'Rt.01/08', '', '', '-6.55104', '106.76179', '', '', '', '', '', '', ''),
(214, 'SA214', '3271050', '3271050014', '3', '8', 'Rt.03/08', '', '', '-6.55059', '106.76186', '', '', '', '', '', '', ''),
(215, 'SA215', '3271050', '3271050014', '1', '10', 'Rt.01/10', '', '', '-6.54939', '106.76174', '', '', '', '', '', '', ''),
(216, 'SA216', '3271050', '3271050014', '3', '10', 'Rt.03/10', '', '', '-6.54938', '106.76133', '', '', '', '', '', '', ''),
(217, 'SA217', '3271020', '3271020001', '2', '1', 'Rt.02/01', '', '', '-6.65204', '106.84671', '', '', '', '', '', '', ''),
(218, 'SA218', '3271020', '3271020001', '3', '1', 'Rt.03/01', '', '', '-6.65149', '106.84652', '', '', '', '', '', '', ''),
(219, 'SA219', '3271020', '3271020001', '4', '3', 'Rt.04/03', '', '', '-6.64757', '106.84495', '', '', '', '', '', '', ''),
(220, 'SA220', '3271020', '3271020001', '3', '6', 'Rt.03/06', '', '', '-6.64430', '106.84464', '', '', '', '', '', '', ''),
(221, 'SA221', '3271020', '3271020006', '3', '7', 'Rw.03/07', '', '', '-6.61046', '106.80607', '', '', '', '', '', '', ''),
(222, 'SA222', '3271020', '3271020006', '5', '1', 'Rw.05/01', '', '', '-6.62022', '106.81777', '', '', '', '', '', '', ''),
(223, 'SA223', '3271020', '3271020006', '6', '2', 'Rw.06/02', '', '', '-6.61690', '106.81364', '', '', '', '', '', '', ''),
(224, 'SA224', '3271020', '3271020005', '5', '5', 'Rt.005/005', '', '', '-6.61743', '106.81781', '', '', '', '', '', '', ''),
(225, 'SA225', '3271020', '3271020005', '5', '8', 'Rt.005/008', '', '', '-6.60248', '106.81499', '', '', '', '', '', '', ''),
(226, 'SA226', '3271020', '3271020005', '6', '8', 'Rt.006/008', '', '', '-6.60306', '106.81455', '', '', '', '', '', '', ''),
(227, 'SA227', '3271020', '3271020005', '4', '9', 'Rt.004/009', '', '', '-6.60119', '106.81488', '', '', '', '', '', '', ''),
(228, 'SA228', '3271020', '3271020005', '5', '9', 'Rt.005/009', '', '', '-6.60036', '106.81509', '', '', '', '', '', '', ''),
(229, 'SA229', '3271020', '3271020004', '5', '1', 'Rt.05/01', '', '', '-6.62445', '106.82461', '', '', '', '', '', '', ''),
(230, 'SA230', '3271020', '3271020004', '6', '1', 'Rt.06/01', '', '', '-6.62558', '106.82603', '', '', '', '', '', '', ''),
(231, 'SA231', '3271020', '3271020004', '1', '3', 'Rt.01/03', '', '', '-6.61170', '106.82892', '', '', '', '', '', '', ''),
(232, 'SA232', '3271020', '3271020004', '2', '3', 'Rt.02/03', '', '', '-6.61105', '106.82909', '', '', '', '', '', '', ''),
(233, 'SA233', '3271020', '3271020004', '1', '4', 'Rt.01/04', '', '', '-6.60859', '106.82457', '', '', '', '', '', '', ''),
(234, 'SA234', '3271020', '3271020004', '2', '4', 'Rt.02/04', '', '', '-6.60753', '106.82467', '', '', '', '', '', '', ''),
(235, 'SA235', '3271020', '3271020004', '2', '5', 'Rt.02/05', '', '', '-6.61197', '106.82243', '', '', '', '', '', '', ''),
(236, 'SA236', '3271020', '3271020004', '4', '7', 'Rt.04/07', '', '', '-6.60608', '106.82700', '', '', '', '', '', '', ''),
(237, 'SA237', '3271020', '3271020004', '1', '8', 'Rt.01/08', '', '', '-6.62502', '106.83514', '', '', '', '', '', '', ''),
(238, 'SA238', '3271020', '3271020004', '', '10', 'Rw.10', '', '', '-6.62890', '106.82940', '', '', '', '', '', '', ''),
(239, 'SA239', '3271060', '3271060007', '1', '2', 'Rt.01/02', '', '', '-6.55123', '106.79072', '', '', '', '', '', '', ''),
(240, 'SA240', '3271060', '3271060007', '2', '2', 'Rt.02/02', '', '', '-6.55011', '106.79012', '', '', '', '', '', '', ''),
(241, 'SA241', '3271060', '3271060007', '3', '2', 'Rt.03/02', '', '', '-6.55172', '106.79245', '', '', '', '', '', '', ''),
(242, 'SA242', '3271060', '3271060007', '2', '6', 'Rt.02/06', '', '', '-6.55557', '106.78748', '', '', '', '', '', '', ''),
(243, 'SA243', '3271060', '3271060007', '1', '7', 'Rt.01/07', '', '', '-6.55569', '106.78485', '', '', '', '', '', '', ''),
(244, 'SA244', '3271060', '3271060007', '2', '7', 'Rt.02/07', '', '', '-6.55659', '106.78685', '', '', '', '', '', '', ''),
(245, 'SA245', '3271060', '3271060007', '3', '7', 'Rt.03/07', '', '', '-6.55612', '106.78649', '', '', '', '', '', '', ''),
(246, 'SA246', '3271060', '3271060007', '1', '8', 'Rt.01/08', '', '', '-6.55151', '106.78891', '', '', '', '', '', '', ''),
(247, 'SA247', '3271060', '3271060007', '2', '9', 'Rt.02/09', '', '', '-6.55078', '106.78459', '', '', '', '', '', '', ''),
(248, 'SA248', '3271060', '3271060007', '3', '9', 'Rt.03/09', '', '', '-6.55112', '106.78468', '', '', '', '', '', '', ''),
(249, 'SA249', '3271060', '3271060007', '1', '10', 'Rt.01/10', '', '', '-6.54751', '106.78733', '', '', '', '', '', '', ''),
(250, 'SA250', '3271060', '3271060007', '5', '10', 'Rt.05/10', '', '', '-6.54782', '106.78781', '', '', '', '', '', '', ''),
(251, 'SA251', '3271060', '3271060007', '3', '13', 'Rt.03/13', '', '', '-6.55349', '106.78548', '', '', '', '', '', '', ''),
(252, 'SA252', '3271060', '3271060001', '1', '2', 'Rt.01/02', '', '', '-6.56925', '106.78748', '', '', '', '', '', '', ''),
(253, 'SA253', '3271060', '3271060001', '2', '2', 'Rt.02/02', '', '', '-6.56878', '106.78750', '', '', '', '', '', '', ''),
(254, 'SA254', '3271060', '3271060001', '3', '2', 'Rt.03/02', '', '', '-6.56843', '106.78761', '', '', '', '', '', '', ''),
(255, 'SA255', '3271060', '3271060001', '4', '2', 'Rt.04/02', '', '', '-6.56884', '106.78743', '', '', '', '', '', '', ''),
(256, 'SA256', '3271060', '3271060001', '1', '3', 'Rt.01/03', '', '', '-6.56464', '106.78401', '', '', '', '', '', '', ''),
(257, 'SA257', '3271060', '3271060001', '2', '3', 'Rt.02/03', '', '', '-6.56460', '106.78333', '', '', '', '', '', '', ''),
(258, 'SA258', '3271060', '3271060001', '2', '3', 'Rt.02/03', '', '', '-6.56460', '106.78316', '', '', '', '', '', '', ''),
(259, 'SA259', '3271060', '3271060001', '3', '3', 'Rt.03/03', '', '', '-6.56471', '106.78307', '', '', '', '', '', '', ''),
(260, 'SA260', '3271060', '3271060001', '1', '5', 'Rt.01/05', '', '', '-6.56746', '106.77960', '', '', '', '', '', '', ''),
(261, 'SA261', '3271060', '3271060001', '2', '6', 'Rt.02/06', '', '', '-6.57101', '106.78134', '', '', '', '', '', '', ''),
(262, 'SA262', '3271060', '3271060001', '3', '6', 'Rt.03/06', '', '', '-6.57128', '106.78155', '', '', '', '', '', '', ''),
(263, 'SA263', '3271060', '3271060001', '3', '7', 'Rt.03/07', '', '', '-6.57197', '106.78281', '', '', '', '', '', '', ''),
(264, 'SA264', '3271060', '3271060001', '3', '11', 'Rt.03/11', '', '', '-6.56405', '106.77730', '', '', '', '', '', '', ''),
(265, 'SA265', '3271060', '3271060001', '4', '11', 'Rt.04/11', '', '', '-6.56373', '106.77762', '', '', '', '', '', '', ''),
(266, 'SA266', '3271060', '3271060001', '2', '15', 'Rt.02/15', '', '', '-6.56674', '106.78523', '', '', '', '', '', '', ''),
(267, 'SA267', '3271060', '3271060001', '3', '15', 'Rt.03/15', '', '', '-6.56710', '106.78645', '', '', '', '', '', '', ''),
(268, 'SA268', '3271060', '3271060008', '3', '6', 'Rt.03/06 (Samitasi)', '', '', '-6.54799', '106.77742', '', '', '', '', '', '', ''),
(269, 'SA269', '3271060', '3271060008', '2', '4', 'Rt.02/04 (Kali Benda)', '', '', '-6.55026', '106.77309', '', '', '', '', '', '', ''),
(270, 'SA270', '3271060', '3271060008', '2', '13', 'Rt.02/13 (Samitasi)', '', '', '-6.55425', '106.78420', '', '', '', '', '', '', ''),
(271, 'SA271', '3271040', '3271040001', '1', '1', 'Rt.01/01', '', '', '-6.59749', '106.78919', '', '', '', '', '', '', ''),
(272, 'SA272', '3271040', '3271040001', '1', '2', 'Rt.01/02', '', '', '-6.59958', '106.79161', '', '', '', '', '', '', ''),
(273, 'SA273', '3271040', '3271040001', '3', '4', 'Rt.03/04', '', '', '-6.60254', '106.79211', '', '', '', '', '', '', ''),
(274, 'SA274', '3271040', '3271040001', '4', '7', 'Rt.04/07', '', '', '-6.60257', '106.79328', '', '', '', '', '', '', ''),
(275, 'SA275', '3271040', '3271040001', '1', '9', 'Rt.01/09', '', '', '-6.60064', '106.78829', '', '', '', '', '', '', ''),
(276, 'SA276', '3271040', '3271040001', '3', '12', 'Rt.03/12', '', '', '-6.60416', '106.79115', '', '', '', '', '', '', ''),
(277, 'SA277', '3271040', '3271040001', '3', '13', 'Rt.03/13', '', '', '-6.60395', '106.79357', '', '', '', '', '', '', ''),
(278, 'SA278', '3271040', '3271040004', '', '1', 'Rw.01', '', '', '-6.59345', '106.81559', '', '', '', '', '', '', ''),
(279, 'SA279', '3271040', '3271040004', '', '4', 'Rw.04', '', '', '-6.59868', '106.80817', '', '', '', '', '', '', ''),
(280, 'SA280', '3271040', '3271040004', '', '5', 'Rw.05', '', '', '-6.59814', '106.80803', '', '', '', '', '', '', ''),
(281, 'SA281', '3271040', '3271040004', '', '6', 'Rw.06', '', '', '-6.59761', '106.81439', '', '', '', '', '', '', ''),
(282, 'SA282', '3271040', '3271040008', '1', '1', 'Rt.001/001', '', '', '-6.58474', '106.79117', '', '', '', '', '', '', ''),
(283, 'SA283', '3271040', '3271040008', '2', '1', 'Rt.002/001', '', '', '-6.58451', '106.79131', '', '', '', '', '', '', ''),
(284, 'SA284', '3271040', '3271040008', '5', '1', 'Rt.005/001', '', '', '-6.58405', '106.79147', '', '', '', '', '', '', ''),
(285, 'SA285', '3271040', '3271040008', '5', '4', 'Rt.005/004', '', '', '-6.58511', '106.79370', '', '', '', '', '', '', ''),
(286, 'SA286', '3271040', '3271040008', '1', '6', 'Rt.001/006', '', '', '-6.58882', '106.79080', '', '', '', '', '', '', ''),
(287, 'SA287', '3271040', '3271040008', '4', '6', 'Rt.004/006', '', '', '-6.58835', '106.79096', '', '', '', '', '', '', ''),
(288, 'SA288', '3271040', '3271040005', '1', '2', 'Rt.001/002', '', '', '-6.59047', '106.80856', '', '', '', '', '', '', ''),
(289, 'SA289', '3271040', '3271040005', '5', '5', 'Rt.005/005', '', '', '-6.58749', '106.81104', '', '', '', '', '', '', ''),
(290, 'SA290', '3271040', '3271040009', '2', '7', 'Rt.02/07', '', '', '-6.59563', '106.78335', '', '', '', '', '', '', ''),
(291, 'SA291', '3271040', '3271040010', '', '2', 'Rw.02', '', '', '-6.59485', '106.78646', '', '', '', '', '', '', ''),
(292, 'SA292', '3271040', '3271040010', '', '2', 'Rw.02', '', '', '-6.59398', '106.78569', '', '', '', '', '', '', ''),
(293, 'SA293', '3271040', '3271040010', '', '5', 'Rw.05', '', '', '-6.59255', '106.78511', '', '', '', '', '', '', ''),
(294, 'SA294', '3271040', '3271040010', '', '7', 'Rw.07', '', '', '-6.59023', '106.78036', '', '', '', '', '', '', ''),
(295, 'SA295', '3271040', '3271040011', '1', '2', 'Rt.01/02', '', '', '-6.59244', '106.78938', '', '', '', '', '', '', ''),
(296, 'SA296', '3271040', '3271040011', '2', '2', 'Rt.02/02', '', '', '-6.59218', '106.78945', '', '', '', '', '', '', ''),
(297, 'SA297', '3271040', '3271040011', '2', '6', 'Rt.02/06', '', '', '-6.58422', '106.79108', '', '', '', '', '', '', ''),
(298, 'SA298', '3271040', '3271040011', '3', '6', 'Rt.03/06', '', '', '-6.58388', '106.79126', '', '', '', '', '', '', ''),
(299, 'SA299', '3271040', '3271040011', '2', '7', 'Rt.02/07', '', '', '-6.57796', '106.79137', '', '', '', '', '', '', ''),
(300, 'SA300', '3271040', '3271040011', '3', '7', 'Rt.03/07', '', '', '-6.57767', '106.79144', '', '', '', '', '', '', ''),
(301, 'SA301', '3271040', '3271040011', '5', '7', 'Rt.05/07', '', '', '-6.57742', '106.79160', '', '', '', '', '', '', ''),
(302, 'SA302', '3271040', '3271040011', '2', '8', 'Rt.02/08', '', '', '-6.58819', '106.79049', '', '', '', '', '', '', ''),
(303, 'SA303', '3271040', '3271040011', '3', '10', 'Rt.03/10', '', '', '-6.58615', '106.79033', '', '', '', '', '', '', ''),
(304, 'SA304', '3271040', '3271040011', '3', '11', 'Rt.03/11', '', '', '-6.58105', '106.79207', '', '', '', '', '', '', ''),
(305, 'SA305', '3271040', '3271040011', '2', '12', 'Rt.03/12', '', '', '-6.57568', '106.79205', '', '', '', '', '', '', ''),
(306, 'SA306', '3271040', '3271040011', '2', '12', 'Rt.02/12', '', '', '-6.57531', '106.79204', '', '', '', '', '', '', ''),
(307, 'SA307', '3271030', '3271030002', '2', '1', 'Rt.002/001', '', '', '-6.57407', '106.81392', '', '', '', '', '', '', ''),
(308, 'SA308', '3271030', '3271030002', '3', '2', 'Rt.003/002', '', '', '-6.57931', '106.81288', '', '', '', '', '', '', ''),
(309, 'SA309', '3271030', '3271030002', '3', '3', 'Rt.003/003', '', '', '-6.58850', '106.81510', '', '', '', '', '', '', ''),
(310, 'SA310', '3271030', '3271030002', '4', '16', 'Rt.004/16', '', '', '-6.58597', '106.81749', '', '', '', '', '', '', ''),
(311, 'SA311', '3271030', '3271030002', '5', '18', 'Rt.05/18', '', '', '-6.57720', '106.81298', '', '', '', '', '', '', ''),
(312, 'SA312', '3271030', '3271030006', '1', '3', 'RT 001/003', '', '', '-6.55638', '106.81862', '', '', '', '', '', '', ''),
(313, 'SA313', '3271030', '3271030006', '5', '6', 'RT 005/006', '', '', '-6.56404', '106.82033', '', '', '', '', '', '', ''),
(314, 'SA314', '3271030', '3271030006', '2', '8', 'RT 002/008', '', '', '-6.55838', '106.81763', '', '', '', '', '', '', ''),
(315, 'SA315', '3271030', '3271030006', '4', '8', 'RT 004/008', '', '', '-6.55808', '106.81828', '', '', '', '', '', '', ''),
(316, 'SA316', '3271030', '3271030004', '3', '4', 'RT 003/004', '', '', '-6.57838', '106.83073', '', '', '', '', '', '', ''),
(317, 'SA317', '3271030', '3271030004', '1', '4', 'RT 001/004', '', '', '-6.57723', '106.82993', '', '', '', '', '', '', ''),
(318, 'SA318', '3271030', '3271030004', '4', '5', 'RT 004/005', '', '', '-6.58629', '106.82874', '', '', '', '', '', '', ''),
(319, 'SA319', '3271030', '3271030004', '', '6', 'RT 002, 003 RW 006', '', '', '-6.58628', '106.82950', '', '', '', '', '', '', ''),
(320, 'SA320', '3271030', '3271030004', '1', '7', 'RT 001/007', '', '', '-6.58832', '106.82904', '', '', '', '', '', '', ''),
(321, 'SA321', '3271030', '3271030004', '3', '9', 'RT 003/009', '', '', '-6.59325', '106.82749', '', '', '', '', '', '', ''),
(322, 'SA322', '3271030', '3271030004', '1', '10', 'RT 001/010', '', '', '-6.59369', '106.82706', '', '', '', '', '', '', ''),
(323, 'SA323', '3271030', '3271030004', '', '11', 'RT 001, 002 RW 011', '', '', '-6.60197', '106.82202', '', '', '', '', '', '', ''),
(324, 'SA324', '3271030', '3271030004', '2', '12', 'RT 002/012', '', '', '-6.60350', '106.82650', '', '', '', '', '', '', ''),
(325, 'SA325', '3271030', '3271030004', '1', '15', 'RT 001/015', '', '', '-6.58106', '106.82731', '', '', '', '', '', '', ''),
(326, 'SA326', '3271030', '3271030004', '2', '16', 'RT 002/016', '', '', '-6.58762', '106.83217', '', '', '', '', '', '', ''),
(327, 'SA327', '3271030', '3271030003', '4', '5', 'RT 004/005', '', '', '-6.58868', '106.81916', '', '', '', '', '', '', ''),
(328, 'SA328', '3271030', '3271030003', '2', '5', 'RT 002/005', '', '', '-6.58734', '106.81936', '', '', '', '', '', '', ''),
(329, 'SA329', '3271030', '3271030003', '1', '5', 'RT 001/005', '', '', '-6.58600', '106.81947', '', '', '', '', '', '', ''),
(330, 'SA330', '3271030', '3271030003', '5', '6', 'RT 005/006', '', '', '-6.60169', '106.82003', '', '', '', '', '', '', ''),
(331, 'SA331', '3271030', '3271030003', '4', '7', 'RT 004/007', '', '', '-6.59975', '106.82101', '', '', '', '', '', '', ''),
(332, 'SA332', '3271030', '3271030003', '3', '3', 'RT 003/003', '', '', '-6.57152', '106.82172', '', '', '', '', '', '', ''),
(333, 'SA333', '3271030', '3271030003', '1', '10', 'RT 001/010', '', '', '-6.59217', '106.81799', '', '', '', '', '', '', '');

-- --------------------------------------------------------

--
-- Table structure for table `t_potensi_pengembangan`
--

CREATE TABLE `t_potensi_pengembangan` (
  `id` int(11) NOT NULL,
  `id_sa` varchar(50) NOT NULL,
  `tdk_ada` varchar(50) DEFAULT NULL,
  `letak` varchar(50) NOT NULL,
  `luas` varchar(50) NOT NULL,
  `pemilik` varchar(50) NOT NULL,
  `minat_sikap_masyarakat` varchar(50) NOT NULL,
  `keberadaan_lembaga` varchar(50) NOT NULL,
  `keaktifan_lembaga` varchar(50) NOT NULL
) ENGINE=InnoDB DEFAULT CHARSET=latin1;

--
-- Dumping data for table `t_potensi_pengembangan`
--

INSERT INTO `t_potensi_pengembangan` (`id`, `id_sa`, `tdk_ada`, `letak`, `luas`, `pemilik`, `minat_sikap_masyarakat`, `keberadaan_lembaga`, `keaktifan_lembaga`) VALUES
(1, 'id_sa', 'tdk_ada', 'letak', 'luas', 'pemilik', 'minat_sikap_masyarakat', 'keberadaan_lembag', 'keaktidan_lembaga'),
(2, 'SA2', '-', '-', '-', '-', '-', '-', '-'),
(3, 'SA3', '-', '-', '-', '-', '-', '-', '-'),
(4, 'SA4', '-', '-', '-', '-', '-', '-', '-'),
(5, 'SA5', '-', '-', '-', '-', '-', '-', '-'),
(6, 'SA6', '-', '-', '-', '-', '-', '-', '-'),
(7, 'SA7', '-', '-', '-', '-', '-', '-', '-'),
(8, 'SA8', '-', '-', '-', '-', '-', '-', '-'),
(9, 'SA9', '-', '-', '-', '-', '-', '-', '-'),
(10, 'SA10', '-', '-', '-', '-', '-', '-', '-'),
(11, 'SA11', '-', '-', '-', '-', '-', '-', '-'),
(12, 'SA12', '-', '-', '-', '-', '-', '-', '-'),
(13, 'SA13', '-', '-', '-', '-', '-', '-', '-'),
(14, 'SA14', '-', '-', '-', '-', '-', '-', '-'),
(15, 'SA15', '-', '-', '-', '-', '-', '-', '-'),
(16, 'SA16', '-', '-', '-', '-', '-', '-', '-'),
(17, 'SA17', '-', '-', '-', '-', '-', '-', '-'),
(18, 'SA18', '-', '-', '-', '-', '-', '-', '-'),
(19, 'SA19', '-', '-', '-', '-', '-', '-', '-'),
(20, 'SA20', '-', '-', '-', '-', '-', '-', '-'),
(21, 'SA21', '-', '-', '-', '-', '-', '-', '-'),
(22, 'SA22', '-', '-', '-', '-', '-', '-', '-'),
(23, 'SA23', '-', '-', '-', '-', '-', '-', '-'),
(24, 'SA24', '-', '-', '-', '-', '-', '-', '-'),
(25, 'SA25', '-', '-', '-', '-', '-', '-', '-'),
(26, 'SA26', '-', '-', '-', '-', '-', '-', '-'),
(27, 'SA27', '-', '-', '-', '-', '-', '-', '-'),
(28, 'SA28', '-', '-', '-', '-', '-', '-', '-'),
(29, 'SA29', '-', '-', '-', '-', '-', '-', '-'),
(30, 'SA30', '-', '-', '-', '-', '-', '-', '-'),
(31, 'SA31', '-', '-', '-', '-', '-', '-', '-'),
(32, 'SA32', '-', '-', '-', '-', '-', '-', '-'),
(34, 'SA34', '-', '-', '-', '-', '-', '-', '-'),
(35, 'SA35', '-', '-', '-', '-', '-', '-', '-'),
(36, 'SA36', '-', '-', '-', '-', '-', 'Ada', 'Aktif, tidak rutin'),
(37, 'SA37', '-', '-', '-', '-', 'Biasa Aja', 'Ada', 'Aktif, tidak rutin'),
(38, 'SA38', '-', '-', '-', '-', 'Antusias', 'Tidak', 'Tidak Aktif'),
(39, 'SA39', '-', '-', '-', '-', 'Biasa Aja', 'Tidak', 'Tidak Aktif'),
(40, 'SA40', '-', '-', '-', '-', 'Biasa Aja', 'Tidak', '-'),
(41, 'SA41', '-', '-', '-', '-', '-', '-', '-'),
(42, 'SA42', '-', '-', '-', '-', '-', '-', '-'),
(43, 'SA43', '-', '-', '-', '-', 'Antusias', '-', '-'),
(44, 'SA44', '-', '-', '-', '-', '-', '-', '-'),
(45, 'SA45', '-', '-', '-', '-', 'Biasa Saja', '-', '-'),
(46, 'SA46', '-', '-', '-', '-', 'Biasa Saja', '-', '-'),
(47, 'SA47', '-', '-', '-', '-', 'Biasa Saja', '-', '-'),
(48, 'SA48', '-', '-', '-', '-', 'Biasa Saja', '-', '-'),
(49, 'SA49', '-', '-', '-', '-', 'Biasa Saja', '-', '-'),
(50, 'SA50', '-', '-', '-', '-', 'Antusias', 'Tidak', 'Tidak'),
(51, '', NULL, '-', '-', '-', '-', '-', '-'),
(52, '', NULL, '-', '-', '-', '-', '-', '-'),
(53, '', NULL, '-', '-', '-', '-', '-', '-'),
(54, '', NULL, '', '', '', '', '', ''),
(55, 'SA55', '', '', '', '', '', '', ''),
(56, 'SA56', '', '', '', '', '', '', ''),
(57, 'SA57', '', '', '', '', '', '', ''),
(58, 'SA58', '', '', '', '', '', '', ''),
(59, 'SA59', '', '', '', '', '', '', ''),
(60, 'SA60', '', '', '', '', '', '', ''),
(61, 'SA61', '', '', '', '', '', '', ''),
(62, 'SA62', '', '', '', '', '', '', ''),
(63, 'SA63', '', '', '', '', '', '', ''),
(64, 'SA64', '', '', '', '', '', '', ''),
(65, 'SA65', '', '', '', '', '', '', ''),
(66, 'SA66', '', '', '', '', '', '', ''),
(67, 'SA67', '', '', '', '', '', '', ''),
(68, 'SA68', '', '', '', '', '', '', ''),
(69, 'SA69', '', '', '', '', '', '', ''),
(70, 'SA70', '', '', '', '', '', '', ''),
(71, 'SA71', '', '', '', '', '', '', ''),
(72, 'SA72', '', '', '', '', '', '', ''),
(73, 'SA73', '', '', '', '', '', '', ''),
(74, 'SA74', '', '', '', '', '', '', ''),
(75, 'SA75', '', '', '', '', '', '', ''),
(76, 'SA76', '', '', '', '', '', '', ''),
(77, 'SA77', '', '', '', '', '', '', ''),
(78, 'SA78', '', '', '', '', '', '', ''),
(79, 'SA79', '', '', '', '', '', '', ''),
(80, 'SA80', '', '', '', '', '', '', ''),
(81, 'SA81', '', '', '', '', '', '', ''),
(82, 'SA82', '', '', '', '', '', '', ''),
(83, 'SA83', '', '', '', '', '', '', ''),
(84, 'SA84', '', '', '', '', '', '', ''),
(85, 'SA85', '', '', '', '', '', '', ''),
(86, 'SA86', '', '', '', '', '', '', ''),
(87, 'SA87', '', '', '', '', '', '', ''),
(88, 'SA88', '', '', '', '', '', '', ''),
(89, 'SA89', '', '', '', '', '', '', ''),
(90, 'SA90', '', '', '', '', '', '', ''),
(91, 'SA91', '', '', '', '', '', '', ''),
(92, 'SA92', '', '', '', '', '', '', ''),
(93, 'SA93', '', '', '', '', '', '', ''),
(94, 'SA94', '', '', '', '', '', '', ''),
(95, 'SA95', '', '', '', '', '', '', ''),
(96, 'SA96', '', '', '', '', '', '', ''),
(97, 'SA97', '', '', '', '', '', '', ''),
(98, 'SA98', '', '', '', '', '', '', ''),
(99, 'SA99', '', '', '', '', '', '', ''),
(100, 'SA100', '', '', '', '', '', '', ''),
(101, 'SA101', '', '', '', '', '', '', ''),
(102, 'SA102', '', '', '', '', '', '', ''),
(103, 'SA103', '', '', '', '', '', '', ''),
(104, 'SA104', '', '', '', '', '', '', ''),
(105, 'SA105', '', '', '', '', '', '', ''),
(106, 'SA106', '', '', '', '', '', '', ''),
(107, 'SA107', '', '', '', '', '', '', ''),
(108, 'SA108', '', '', '', '', '', '', ''),
(109, 'SA109', '', '', '', '', '', '', ''),
(110, 'SA110', '', '', '', '', '', '', ''),
(111, 'SA111', '', '', '', '', '', '', ''),
(112, 'SA112', '', '', '', '', '', '', ''),
(113, 'SA113', '', '', '', '', '', '', ''),
(114, 'SA114', '', '', '', '', '', '', ''),
(115, 'SA115', '', '', '', '', '', '', ''),
(116, 'SA116', '', '', '', '', '', '', ''),
(117, 'SA117', '', '', '', '', '', '', ''),
(118, 'SA118', '', '', '', '', '', '', ''),
(119, 'SA119', '', '', '', '', '', '', ''),
(120, 'SA120', '', '', '', '', '', '', ''),
(121, 'SA121', '', '', '', '', '', '', ''),
(122, 'SA122', '', '', '', '', '', '', ''),
(123, 'SA123', '', '', '', '', '', '', ''),
(124, 'SA124', '', '', '', '', '', '', ''),
(125, 'SA125', '', '', '', '', '', '', ''),
(126, 'SA126', '', '', '', '', '', '', ''),
(127, 'SA127', '', '', '', '', '', '', ''),
(128, 'SA128', '', '', '', '', '', '', ''),
(129, 'SA129', '', '', '', '', '', '', ''),
(130, 'SA130', '', '', '', '', '', '', ''),
(131, 'SA131', '', '', '', '', '', '', ''),
(132, 'SA132', '', '', '', '', '', '', ''),
(133, 'SA133', '', '', '', '', '', '', ''),
(134, 'SA134', '', '', '', '', '', '', ''),
(135, 'SA135', '', '', '', '', '', '', ''),
(136, 'SA136', '', '', '', '', '', '', ''),
(137, 'SA137', '', '', '', '', '', '', ''),
(138, 'SA138', '', '', '', '', '', '', ''),
(139, 'SA139', '', '', '', '', '', '', ''),
(140, 'SA140', '', '', '', '', '', '', ''),
(141, 'SA141', '', '', '', '', '', '', ''),
(142, 'SA142', '', '', '', '', '', '', ''),
(143, 'SA143', '', '', '', '', '', '', ''),
(144, 'SA144', '', '', '', '', '', '', ''),
(145, 'SA145', '', '', '', '', '', '', ''),
(146, 'SA146', '', '', '', '', '', '', ''),
(147, 'SA147', '', '', '', '', '', '', ''),
(148, 'SA148', '', '', '', '', '', '', ''),
(149, 'SA149', '', '', '', '', '', '', ''),
(150, 'SA150', '', '', '', '', '', '', ''),
(151, 'SA151', '', '', '', '', '', '', ''),
(152, 'SA152', '', '', '', '', '', '', ''),
(153, 'SA153', '', '', '', '', '', '', ''),
(154, 'SA154', '', '', '', '', '', '', ''),
(155, 'SA155', '', '', '', '', '', '', ''),
(156, 'SA156', '', '', '', '', '', '', ''),
(157, 'SA157', '', '', '', '', '', '', ''),
(158, 'SA158', '', '', '', '', '', '', ''),
(159, 'SA159', '', '', '', '', '', '', ''),
(160, 'SA160', '', '', '', '', '', '', ''),
(161, 'SA161', '', '', '', '', '', '', ''),
(162, 'SA162', '', '', '', '', '', '', ''),
(163, 'SA163', '', '', '', '', '', '', ''),
(164, 'SA164', '', '', '', '', '', '', ''),
(165, 'SA165', '', '', '', '', '', '', ''),
(166, 'SA166', '', '', '', '', '', '', ''),
(167, 'SA167', '', '', '', '', '', '', ''),
(168, 'SA168', '', '', '', '', '', '', ''),
(169, 'SA169', '', '', '', '', '', '', ''),
(170, 'SA170', '', '', '', '', '', '', ''),
(171, 'SA171', '', '', '', '', '', '', ''),
(172, 'SA172', '', '', '', '', '', '', ''),
(173, 'SA173', '', '', '', '', '', '', ''),
(174, 'SA174', '', '', '', '', '', '', ''),
(175, 'SA175', '', '', '', '', '', '', ''),
(176, 'SA176', '', '', '', '', '', '', ''),
(177, 'SA177', '', '', '', '', '', '', ''),
(178, 'SA178', '', '', '', '', '', '', ''),
(179, 'SA179', '', '', '', '', '', '', ''),
(180, 'SA180', '', '', '', '', '', '', ''),
(181, 'SA181', '', '', '', '', '', '', ''),
(182, 'SA182', '', '', '', '', '', '', ''),
(183, 'SA183', '', '', '', '', '', '', ''),
(184, 'SA184', '', '', '', '', '', '', ''),
(185, 'SA185', '', '', '', '', '', '', ''),
(186, 'SA186', '', '', '', '', '', '', ''),
(187, 'SA187', '', '', '', '', '', '', ''),
(188, 'SA188', '', '', '', '', '', '', ''),
(189, 'SA189', '', '', '', '', '', '', ''),
(190, 'SA190', '', '', '', '', '', '', ''),
(191, 'SA191', '', '', '', '', '', '', ''),
(192, 'SA192', '', '', '', '', '', '', ''),
(193, 'SA193', '', '', '', '', '', '', ''),
(194, 'SA194', '', '', '', '', '', '', ''),
(195, 'SA195', '', '', '', '', '', '', ''),
(196, 'SA196', '', '', '', '', '', '', ''),
(197, 'SA197', '', '', '', '', '', '', ''),
(198, 'SA198', '', '', '', '', '', '', ''),
(199, 'SA199', '', '', '', '', '', '', ''),
(200, 'SA200', '', '', '', '', '', '', ''),
(201, 'SA201', '', '', '', '', '', '', ''),
(202, 'SA202', '', '', '', '', '', '', ''),
(203, 'SA203', '', '', '', '', '', '', ''),
(204, 'SA204', '', '', '', '', '', '', ''),
(205, 'SA205', '', '', '', '', '', '', ''),
(206, 'SA206', '', '', '', '', '', '', ''),
(207, 'SA207', '', '', '', '', '', '', ''),
(208, 'SA208', '', '', '', '', '', '', ''),
(209, 'SA209', '', '', '', '', '', '', ''),
(210, 'SA210', '', '', '', '', '', '', ''),
(211, 'SA211', '', '', '', '', '', '', ''),
(212, 'SA212', '', '', '', '', '', '', ''),
(213, 'SA213', '', '', '', '', '', '', ''),
(214, 'SA214', '', '', '', '', '', '', ''),
(215, 'SA215', '', '', '', '', '', '', ''),
(216, 'SA216', '', '', '', '', '', '', ''),
(217, 'SA217', '', '', '', '', '', '', ''),
(218, 'SA218', '', '', '', '', '', '', ''),
(219, 'SA219', '', '', '', '', '', '', ''),
(220, 'SA220', '', '', '', '', '', '', ''),
(221, 'SA221', '', '', '', '', '', '', ''),
(222, 'SA222', '', '', '', '', '', '', ''),
(223, 'SA223', '', '', '', '', '', '', ''),
(224, 'SA224', '', '', '', '', '', '', ''),
(225, 'SA225', '', '', '', '', '', '', ''),
(226, 'SA226', '', '', '', '', '', '', ''),
(227, 'SA227', '', '', '', '', '', '', ''),
(228, 'SA228', '', '', '', '', '', '', ''),
(229, 'SA229', '', '', '', '', '', '', ''),
(230, 'SA230', '', '', '', '', '', '', ''),
(231, 'SA231', '', '', '', '', '', '', ''),
(232, 'SA232', '', '', '', '', '', '', ''),
(233, 'SA233', '', '', '', '', '', '', ''),
(234, 'SA234', '', '', '', '', '', '', ''),
(235, 'SA235', '', '', '', '', '', '', ''),
(236, 'SA236', '', '', '', '', '', '', ''),
(237, 'SA237', '', '', '', '', '', '', ''),
(238, 'SA238', '', '', '', '', '', '', ''),
(239, 'SA239', '', '', '', '', '', '', ''),
(240, 'SA240', '', '', '', '', '', '', ''),
(241, 'SA241', '', '', '', '', '', '', ''),
(242, 'SA242', '', '', '', '', '', '', ''),
(243, 'SA243', '', '', '', '', '', '', ''),
(244, 'SA244', '', '', '', '', '', '', ''),
(245, 'SA245', '', '', '', '', '', '', ''),
(246, 'SA246', '', '', '', '', '', '', ''),
(247, 'SA247', '', '', '', '', '', '', ''),
(248, 'SA248', '', '', '', '', '', '', ''),
(249, 'SA249', '', '', '', '', '', '', ''),
(250, 'SA250', '', '', '', '', '', '', ''),
(251, 'SA251', '', '', '', '', '', '', ''),
(252, 'SA252', '', '', '', '', '', '', ''),
(253, 'SA253', '', '', '', '', '', '', ''),
(254, 'SA254', '', '', '', '', '', '', ''),
(255, 'SA255', '', '', '', '', '', '', ''),
(256, 'SA256', '', '', '', '', '', '', ''),
(257, 'SA257', '', '', '', '', '', '', ''),
(258, 'SA258', '', '', '', '', '', '', ''),
(259, 'SA259', '', '', '', '', '', '', ''),
(260, 'SA260', '', '', '', '', '', '', ''),
(261, 'SA261', '', '', '', '', '', '', ''),
(262, 'SA262', '', '', '', '', '', '', ''),
(263, 'SA263', '', '', '', '', '', '', ''),
(264, 'SA264', '', '', '', '', '', '', ''),
(265, 'SA265', '', '', '', '', '', '', ''),
(266, 'SA266', '', '', '', '', '', '', ''),
(267, 'SA267', '', '', '', '', '', '', ''),
(268, 'SA268', '', '', '', '', '', '', ''),
(269, 'SA269', '', '', '', '', '', '', ''),
(270, 'SA270', '', '', '', '', '', '', ''),
(271, 'SA271', '', '', '', '', '', '', ''),
(272, 'SA272', '', '', '', '', '', '', ''),
(273, 'SA273', '', '', '', '', '', '', ''),
(274, 'SA274', '', '', '', '', '', '', ''),
(275, 'SA275', '', '', '', '', '', '', ''),
(276, 'SA276', '', '', '', '', '', '', ''),
(277, 'SA277', '', '', '', '', '', '', ''),
(278, 'SA278', '', '', '', '', '', '', ''),
(279, 'SA279', '', '', '', '', '', '', ''),
(280, 'SA280', '', '', '', '', '', '', ''),
(281, 'SA281', '', '', '', '', '', '', ''),
(282, 'SA282', '', '', '', '', '', '', ''),
(283, 'SA283', '', '', '', '', '', '', ''),
(284, 'SA284', '', '', '', '', '', '', ''),
(285, 'SA285', '', '', '', '', '', '', ''),
(286, 'SA286', '', '', '', '', '', '', ''),
(287, 'SA287', '', '', '', '', '', '', ''),
(288, 'SA288', '', '', '', '', '', '', ''),
(289, 'SA289', '', '', '', '', '', '', ''),
(290, 'SA290', '', '', '', '', '', '', ''),
(291, 'SA291', '', '', '', '', '', '', ''),
(292, 'SA292', '', '', '', '', '', '', ''),
(293, 'SA293', '', '', '', '', '', '', ''),
(294, 'SA294', '', '', '', '', '', '', ''),
(295, 'SA295', '', '', '', '', '', '', ''),
(296, 'SA296', '', '', '', '', '', '', ''),
(297, 'SA297', '', '', '', '', '', '', ''),
(298, 'SA298', '', '', '', '', '', '', ''),
(299, 'SA299', '', '', '', '', '', '', ''),
(300, 'SA300', '', '', '', '', '', '', ''),
(301, 'SA301', '', '', '', '', '', '', ''),
(302, 'SA302', '', '', '', '', '', '', ''),
(303, 'SA303', '', '', '', '', '', '', ''),
(304, 'SA304', '', '', '', '', '', '', ''),
(305, 'SA305', '', '', '', '', '', '', ''),
(306, 'SA306', '', '', '', '', '', '', ''),
(307, 'SA307', '', '', '', '', '', '', ''),
(308, 'SA308', '', '', '', '', '', '', ''),
(309, 'SA309', '', '', '', '', '', '', ''),
(310, 'SA310', '', '', '', '', '', '', ''),
(311, 'SA311', '', '', '', '', '', '', ''),
(312, 'SA312', '', '', '', '', '', '', ''),
(313, 'SA313', '', '', '', '', '', '', ''),
(314, 'SA314', '', '', '', '', '', '', ''),
(315, 'SA315', '', '', '', '', '', '', ''),
(316, 'SA316', '', '', '', '', '', '', ''),
(317, 'SA317', '', '', '', '', '', '', ''),
(318, 'SA318', '', '', '', '', '', '', ''),
(319, 'SA319', '', '', '', '', '', '', ''),
(320, 'SA320', '', '', '', '', '', '', ''),
(321, 'SA321', '', '', '', '', '', '', ''),
(322, 'SA322', '', '', '', '', '', '', ''),
(323, 'SA323', '', '', '', '', '', '', ''),
(324, 'SA324', '', '', '', '', '', '', ''),
(325, 'SA325', '', '', '', '', '', '', ''),
(326, 'SA326', '', '', '', '', '', '', ''),
(327, 'SA327', '', '', '', '', '', '', ''),
(328, 'SA328', '', '', '', '', '', '', ''),
(329, 'SA329', '', '', '', '', '', '', ''),
(330, 'SA330', '', '', '', '', '', '', ''),
(331, 'SA331', '', '', '', '', '', '', ''),
(332, 'SA332', '', '', '', '', '', '', ''),
(333, 'SA333', '', '', '', '', '', '', '');

-- --------------------------------------------------------

--
-- Table structure for table `t_sistem_pengolahan`
--

CREATE TABLE `t_sistem_pengolahan` (
  `id` int(50) NOT NULL,
  `id_sa` varchar(50) NOT NULL,
  `sis_pengolahan` enum('ada','tidak ada') NOT NULL,
  `bangunan_pelengkap` text NOT NULL,
  `panjang` int(11) NOT NULL,
  `lebar` int(11) NOT NULL,
  `tinggi` int(11) NOT NULL,
  `jari_jari` int(11) NOT NULL,
  `kapasitas_terbangun` varchar(30) NOT NULL,
  `material_konstruksi` varchar(30) NOT NULL,
  `sistem_pemeliharaan` varchar(50) NOT NULL,
  `deskripsi` text NOT NULL,
  `asbuilt_drawing_jaringan` enum('ada','tidak ada') NOT NULL,
  `peta_posisi_pelanggan` enum('ada','tidak ada') NOT NULL
) ENGINE=InnoDB DEFAULT CHARSET=latin1;

--
-- Dumping data for table `t_sistem_pengolahan`
--

INSERT INTO `t_sistem_pengolahan` (`id`, `id_sa`, `sis_pengolahan`, `bangunan_pelengkap`, `panjang`, `lebar`, `tinggi`, `jari_jari`, `kapasitas_terbangun`, `material_konstruksi`, `sistem_pemeliharaan`, `deskripsi`, `asbuilt_drawing_jaringan`, `peta_posisi_pelanggan`) VALUES
(1, 'id_sa', '', 'bangunan_pelengkap', 0, 0, 0, 0, 'kapasitas_terbangun', 'material_konstruksi', 'sistem_pemeliharaan', 'deskripsi', '', ''),
(2, 'SA2', 'tidak ada', 'Toilet dan Kamar mandi', 12, 3, 3, 0, '', 'Beton', 'Pembersihan berkala', 'pengelolaan dilakukan oleh kelompok ', 'tidak ada', 'tidak ada'),
(3, 'SA3', 'tidak ada', 'MCK', 5, 3, 3, 0, '', 'Beton', 'tidak ada', '', 'tidak ada', 'tidak ada'),
(4, 'SA4', 'tidak ada', '', 10, 5, 3, 0, '', 'Beton', 'tidak ada', 'air diperuntukan banyak untuk kepentingan mesjid baik berupa MCK, wudhu dll', 'tidak ada', 'tidak ada'),
(5, 'SA5', 'tidak ada', '', 6, 3, 2, 0, '', 'Beton', 'Pembersihan berkala', 'perumah memakai saringan', 'tidak ada', 'ada'),
(6, 'SA6', 'tidak ada', 'MCK', 5, 4, 4, 0, '', 'Beton', 'tidak ada', 'bangunan tidak terawat sama sekali', 'tidak ada', 'tidak ada'),
(7, 'SA7', 'tidak ada', '', 2, 2, 7, 0, '', 'Beton', 'tidak ada', 'Air tidak ada sama sekali', 'tidak ada', 'tidak ada'),
(8, 'SA8', 'tidak ada', '', 3, 3, 3, 0, '', 'Beton', 'tidak ada', 'berada di pinggir sungai cibogor', 'tidak ada', 'tidak ada'),
(9, 'SA9', '', '', 0, 0, 0, 0, '', '', '', '', '', ''),
(10, 'SA10', 'ada', 'MCK', 7, 3, 3, 0, '', 'beton', 'Pembersihan berkala', '2 minggu sekali pembersihan', 'tidak ada', 'tidak ada'),
(11, 'SA11', 'tidak ada', '', 0, 0, 0, 0, '', '', '', 'tidak ada pengelolaan', 'tidak ada', 'tidak ada'),
(12, 'SA12', 'tidak ada', '', 0, 0, 0, 0, '', '', '', 'tidak ada pengelolaan', '', ''),
(13, 'SA13', 'tidak ada', '', 7, 3, 4, 0, '', 'beton', 'lainnya', 'tidak ada perawatan , bangunan terlihat kotor dan air limbah MCK di aliri kesungai', 'tidak ada', 'tidak ada'),
(14, 'SA14', '', '', 3, 2, 3, 0, '', 'beton', '', 'bangunan tersedia dalam kondisi tidak terawat dan rusak. mata air tidak lagi mengeluarkan air', 'tidak ada', 'tidak ada'),
(15, 'SA15', 'tidak ada', '', 0, 0, 0, 0, '', '', '', '', 'tidak ada', 'tidak ada'),
(16, 'SA16', '', '', 0, 0, 0, 0, '', '', '', '', '', ''),
(17, 'SA17', 'tidak ada', '', 6, 4, 4, 0, '', 'beton', '', 'bangunan rusak berat', 'tidak ada', 'tidak ada'),
(18, 'SA18', '', '', 5, 4, 3, 0, '', 'beton', '', '', 'tidak ada', 'tidak ada'),
(19, 'SA19', '', '', 4, 3, 0, 0, '', '', '', '', '', ''),
(20, 'SA20', '', 'MCK', 4, 4, 3, 0, '', 'beton', '', '', '', ''),
(21, 'SA21', '', 'MCK', 6, 4, 2, 0, '', '', '', '', '', ''),
(22, 'SA22', '', 'MCK', 5, 5, 3, 0, '', 'beton', '', '', '', ''),
(23, 'SA23', 'tidak ada', 'MCK', 5, 3, 4, 0, '', 'beton', '', 'bangunan rusak', 'tidak ada', 'tidak ada'),
(24, 'SA24', 'tidak ada', '', 3, 2, 2, 0, '', 'beton', '', 'bangunan rusak', 'tidak ada', 'tidak ada'),
(25, 'SA25', 'tidak ada', 'MCK', 3, 2, 2, 0, '', 'beton', '', 'bangunan perlu di perbaiki', 'tidak ada', 'tidak ada'),
(26, 'SA26', 'tidak ada', 'MCK', 3, 2, 2, 0, '', 'beton', '', 'bangunan perlu di perbaiki', 'tidak ada', 'tidak ada'),
(27, 'SA27', 'tidak ada', 'MCK', 3, 2, 2, 0, '', 'beton', '', 'bangunan perlu di perbaiki', 'tidak ada', 'tidak ada'),
(28, 'SA28', 'tidak ada', 'MCK', 5, 3, 3, 0, '', 'beton', '', '', 'tidak ada', 'tidak ada'),
(29, 'SA29', '', '', 0, 0, 0, 0, '', '', '', '', '', ''),
(30, 'SA30', '', '', 0, 0, 0, 0, '', '', '', '', '', ''),
(31, 'SA31', '', 'MCK', 5, 2, 3, 0, '', 'beton', '', '', '', ''),
(32, 'SA32', 'ada', 'Bak Kolam Penampung', 3, 3, 6, 2, '', 'Beton', 'Tidak Ada', 'Mata Air di alirkan dan di tampungkan kedalam kolam penampung, dari kolam penampung di sedot dengan pipa dan simpan di toren, dan di alirkan melalui pipa. Sudah ada meteran setiap rumah', 'tidak ada', 'tidak ada'),
(34, 'SA34', 'tidak ada', 'Bak Penampung', 3, 2, 1, 0, '10 KK', 'Beton', 'Pembersihan Berkala', '', 'tidak ada', 'tidak ada'),
(35, 'SA35', 'ada', 'Bak Penampung', 3, 3, 2, 0, '10 KK', 'Beton', 'Pembersihan Berkala', '', 'tidak ada', 'tidak ada'),
(36, 'SA36', 'tidak ada', 'Bak Penampung', 3, 2, 1, 0, '20 KK', 'Beton', 'Pembersihan Berkala', '', 'tidak ada', 'tidak ada'),
(37, 'SA37', 'ada', 'MCK', 3, 2, 1, 0, '10 KK', 'Beton', 'Pembersihan Berkala', '', 'tidak ada', 'tidak ada'),
(38, 'SA38', 'ada', 'Bak Penampung', 3, 2, 1, 0, '11 KK', 'Beton', 'Tidak Ada', '', 'tidak ada', 'tidak ada'),
(39, 'SA39', 'ada', 'MCK', 2, 1, 3, 0, '10 KK', 'Beton', 'Tidak Ada', '', 'tidak ada', 'tidak ada'),
(40, 'SA40', 'ada', 'Bak Penampung', 1, 1, 1, 0, '20 KK', 'Beton', 'Tidak Ada', '', 'tidak ada', 'tidak ada'),
(41, 'SA41', 'ada', 'Bak Penampung', 3, 2, 1, 0, '15 KK', 'Beton', 'Pembersihan Berkala', '', 'tidak ada', 'tidak ada'),
(42, 'SA42', 'ada', 'Bak Penampung', 1, 1, 2, 0, '14 KK', 'Beton', 'Pembersihan Berkala', '', 'tidak ada', 'tidak ada'),
(43, 'SA43', 'ada', 'MCK', 4, 4, 2, 0, '', 'Beton', 'Pembersihan Berkala', '', 'tidak ada', 'tidak ada'),
(44, 'SA44', 'ada', 'Sudah Ada Intalasi Pengolahan Air', 4, 4, 2, 0, '', 'Beton', 'Pembersihan Rutin', 'Mata Air di alirkan dan di oleh dengan intalasi pengolahan air,  dan di alirkan melalui pipa. Sudah ada meteran setiap rumah', 'tidak ada', 'tidak ada'),
(45, 'SA45', 'ada', 'Toren Penampung Air', 4, 4, 2, 0, '50 KK', 'Beton', 'Pembersihan Berkala', '', 'tidak ada', 'tidak ada'),
(46, 'SA46', 'tidak ada', 'MCK', 3, 1, 2, 0, '50 KK', 'Beton', 'Tidak Terawat', '', 'tidak ada', 'tidak ada'),
(47, 'SA47', 'tidak ada', 'MCK', 3, 3, 3, 0, '40 KK', 'Beton', 'Pembersihan Berkala', '', 'tidak ada', 'tidak ada'),
(48, 'SA48', 'tidak ada', 'MCK', 5, 3, 1, 0, '20 KK', 'Beton', 'Pembersihan Berkala', '', 'tidak ada', 'tidak ada'),
(49, 'SA49', 'tidak ada', 'MCK', 4, 1, 2, 0, '20 KK', 'Beton', 'Pembersihan Berkala', '', 'tidak ada', 'tidak ada'),
(50, 'SA50', 'tidak ada', '', 3, 1, 2, 0, '74 KK', '', '', 'Mata air keluar di tebing sungai', 'tidak ada', 'tidak ada'),
(51, '', 'ada', 'Bak Kolam Penampung', 3, 3, 6, 2, '', 'Beton', 'Tidak Ada', 'Mata Air di alirkan dan di tampungkan kedalam kolam penampung, dari kolam penampung di sedot dengan pipa dan simpan di toren, dan di alirkan melalui pipa. Sudah ada meteran setiap rumah', 'tidak ada', 'tidak ada'),
(52, '', 'ada', 'Bak Kolam Penampung', 3, 3, 6, 2, '', 'Beton', 'Tidak Ada', 'Mata Air di alirkan dan di tampungkan kedalam kolam penampung, dari kolam penampung di sedot dengan pipa dan simpan di toren, dan di alirkan melalui pipa. Sudah ada meteran setiap rumah', 'tidak ada', 'tidak ada'),
(53, '', 'ada', 'Bak Kolam Penampung', 3, 3, 6, 2, '', 'Beton', 'Tidak Ada', 'Mata Air di alirkan dan di tampungkan kedalam kolam penampung, dari kolam penampung di sedot dengan pipa dan simpan di toren, dan di alirkan melalui pipa. Sudah ada meteran setiap rumah', 'tidak ada', 'tidak ada'),
(54, '', 'ada', 'Bak Kolam Penampung', 3, 3, 6, 2, '', 'Beton', 'Tidak Ada', 'Mata Air di alirkan dan di tampungkan kedalam kolam penampung, dari kolam penampung di sedot dengan pipa dan simpan di toren, dan di alirkan melalui pipa. Sudah ada meteran setiap rumah', 'tidak ada', 'tidak ada'),
(55, 'SA55', '', '', 0, 0, 0, 0, '', '', '', '', '', ''),
(56, 'SA56', '', '', 0, 0, 0, 0, '', '', '', '', '', ''),
(57, 'SA57', '', '', 0, 0, 0, 0, '', '', '', '', '', ''),
(58, 'SA58', '', '', 0, 0, 0, 0, '', '', '', '', '', ''),
(59, 'SA59', '', '', 0, 0, 0, 0, '', '', '', '', '', ''),
(60, 'SA60', '', '', 0, 0, 0, 0, '', '', '', '', '', ''),
(61, 'SA61', '', '', 0, 0, 0, 0, '', '', '', '', '', ''),
(62, 'SA62', '', '', 0, 0, 0, 0, '', '', '', '', '', ''),
(63, 'SA63', '', '', 0, 0, 0, 0, '', '', '', '', '', ''),
(64, 'SA64', '', '', 0, 0, 0, 0, '', '', '', '', '', ''),
(65, 'SA65', '', '', 0, 0, 0, 0, '', '', '', '', '', ''),
(66, 'SA66', '', '', 0, 0, 0, 0, '', '', '', '', '', ''),
(67, 'SA67', '', '', 0, 0, 0, 0, '', '', '', '', '', ''),
(68, 'SA68', '', '', 0, 0, 0, 0, '', '', '', '', '', ''),
(69, 'SA69', '', '', 0, 0, 0, 0, '', '', '', '', '', ''),
(70, 'SA70', '', '', 0, 0, 0, 0, '', '', '', '', '', ''),
(71, 'SA71', '', '', 0, 0, 0, 0, '', '', '', '', '', ''),
(72, 'SA72', '', '', 0, 0, 0, 0, '', '', '', '', '', ''),
(73, 'SA73', '', '', 0, 0, 0, 0, '', '', '', '', '', ''),
(74, 'SA74', '', '', 0, 0, 0, 0, '', '', '', '', '', ''),
(75, 'SA75', '', '', 0, 0, 0, 0, '', '', '', '', '', ''),
(76, 'SA76', '', '', 0, 0, 0, 0, '', '', '', '', '', ''),
(77, 'SA77', '', '', 0, 0, 0, 0, '', '', '', '', '', ''),
(78, 'SA78', '', '', 0, 0, 0, 0, '', '', '', '', '', ''),
(79, 'SA79', '', '', 0, 0, 0, 0, '', '', '', '', '', ''),
(80, 'SA80', '', '', 0, 0, 0, 0, '', '', '', '', '', ''),
(81, 'SA81', '', '', 0, 0, 0, 0, '', '', '', '', '', ''),
(82, 'SA82', '', '', 0, 0, 0, 0, '', '', '', '', '', ''),
(83, 'SA83', '', '', 0, 0, 0, 0, '', '', '', '', '', ''),
(84, 'SA84', '', '', 0, 0, 0, 0, '', '', '', '', '', ''),
(85, 'SA85', '', '', 0, 0, 0, 0, '', '', '', '', '', ''),
(86, 'SA86', '', '', 0, 0, 0, 0, '', '', '', '', '', ''),
(87, 'SA87', '', '', 0, 0, 0, 0, '', '', '', '', '', ''),
(88, 'SA88', '', '', 0, 0, 0, 0, '', '', '', '', '', ''),
(89, 'SA89', '', '', 0, 0, 0, 0, '', '', '', '', '', ''),
(90, 'SA90', '', '', 0, 0, 0, 0, '', '', '', '', '', ''),
(91, 'SA91', '', '', 0, 0, 0, 0, '', '', '', '', '', ''),
(92, 'SA92', '', '', 0, 0, 0, 0, '', '', '', '', '', ''),
(93, 'SA93', '', '', 0, 0, 0, 0, '', '', '', '', '', ''),
(94, 'SA94', '', '', 0, 0, 0, 0, '', '', '', '', '', ''),
(95, 'SA95', '', '', 0, 0, 0, 0, '', '', '', '', '', ''),
(96, 'SA96', '', '', 0, 0, 0, 0, '', '', '', '', '', ''),
(97, 'SA97', '', '', 0, 0, 0, 0, '', '', '', '', '', ''),
(98, 'SA98', '', '', 0, 0, 0, 0, '', '', '', '', '', ''),
(99, 'SA99', '', '', 0, 0, 0, 0, '', '', '', '', '', ''),
(100, 'SA100', '', '', 0, 0, 0, 0, '', '', '', '', '', ''),
(101, 'SA101', '', '', 0, 0, 0, 0, '', '', '', '', '', ''),
(102, 'SA102', '', '', 0, 0, 0, 0, '', '', '', '', '', ''),
(103, 'SA103', '', '', 0, 0, 0, 0, '', '', '', '', '', ''),
(104, 'SA104', '', '', 0, 0, 0, 0, '', '', '', '', '', ''),
(105, 'SA105', '', '', 0, 0, 0, 0, '', '', '', '', '', ''),
(106, 'SA106', '', '', 0, 0, 0, 0, '', '', '', '', '', ''),
(107, 'SA107', '', '', 0, 0, 0, 0, '', '', '', '', '', ''),
(108, 'SA108', '', '', 0, 0, 0, 0, '', '', '', '', '', ''),
(109, 'SA109', '', '', 0, 0, 0, 0, '', '', '', '', '', ''),
(110, 'SA110', '', '', 0, 0, 0, 0, '', '', '', '', '', ''),
(111, 'SA111', '', '', 0, 0, 0, 0, '', '', '', '', '', ''),
(112, 'SA112', '', '', 0, 0, 0, 0, '', '', '', '', '', ''),
(113, 'SA113', '', '', 0, 0, 0, 0, '', '', '', '', '', ''),
(114, 'SA114', '', '', 0, 0, 0, 0, '', '', '', '', '', ''),
(115, 'SA115', '', '', 0, 0, 0, 0, '', '', '', '', '', ''),
(116, 'SA116', '', '', 0, 0, 0, 0, '', '', '', '', '', ''),
(117, 'SA117', '', '', 0, 0, 0, 0, '', '', '', '', '', ''),
(118, 'SA118', '', '', 0, 0, 0, 0, '', '', '', '', '', ''),
(119, 'SA119', '', '', 0, 0, 0, 0, '', '', '', '', '', ''),
(120, 'SA120', '', '', 0, 0, 0, 0, '', '', '', '', '', ''),
(121, 'SA121', '', '', 0, 0, 0, 0, '', '', '', '', '', ''),
(122, 'SA122', '', '', 0, 0, 0, 0, '', '', '', '', '', ''),
(123, 'SA123', '', '', 0, 0, 0, 0, '', '', '', '', '', ''),
(124, 'SA124', '', '', 0, 0, 0, 0, '', '', '', '', '', ''),
(125, 'SA125', '', '', 0, 0, 0, 0, '', '', '', '', '', ''),
(126, 'SA126', '', '', 0, 0, 0, 0, '', '', '', '', '', ''),
(127, 'SA127', '', '', 0, 0, 0, 0, '', '', '', '', '', ''),
(128, 'SA128', '', '', 0, 0, 0, 0, '', '', '', '', '', ''),
(129, 'SA129', '', '', 0, 0, 0, 0, '', '', '', '', '', ''),
(130, 'SA130', '', '', 0, 0, 0, 0, '', '', '', '', '', ''),
(131, 'SA131', '', '', 0, 0, 0, 0, '', '', '', '', '', ''),
(132, 'SA132', '', '', 0, 0, 0, 0, '', '', '', '', '', ''),
(133, 'SA133', '', '', 0, 0, 0, 0, '', '', '', '', '', ''),
(134, 'SA134', '', '', 0, 0, 0, 0, '', '', '', '', '', ''),
(135, 'SA135', '', '', 0, 0, 0, 0, '', '', '', '', '', ''),
(136, 'SA136', '', '', 0, 0, 0, 0, '', '', '', '', '', ''),
(137, 'SA137', '', '', 0, 0, 0, 0, '', '', '', '', '', ''),
(138, 'SA138', '', '', 0, 0, 0, 0, '', '', '', '', '', ''),
(139, 'SA139', '', '', 0, 0, 0, 0, '', '', '', '', '', ''),
(140, 'SA140', '', '', 0, 0, 0, 0, '', '', '', '', '', ''),
(141, 'SA141', '', '', 0, 0, 0, 0, '', '', '', '', '', ''),
(142, 'SA142', '', '', 0, 0, 0, 0, '', '', '', '', '', ''),
(143, 'SA143', '', '', 0, 0, 0, 0, '', '', '', '', '', ''),
(144, 'SA144', '', '', 0, 0, 0, 0, '', '', '', '', '', ''),
(145, 'SA145', '', '', 0, 0, 0, 0, '', '', '', '', '', ''),
(146, 'SA146', '', '', 0, 0, 0, 0, '', '', '', '', '', ''),
(147, 'SA147', '', '', 0, 0, 0, 0, '', '', '', '', '', ''),
(148, 'SA148', '', '', 0, 0, 0, 0, '', '', '', '', '', ''),
(149, 'SA149', '', '', 0, 0, 0, 0, '', '', '', '', '', ''),
(150, 'SA150', '', '', 0, 0, 0, 0, '', '', '', '', '', ''),
(151, 'SA151', '', '', 0, 0, 0, 0, '', '', '', '', '', ''),
(152, 'SA152', '', '', 0, 0, 0, 0, '', '', '', '', '', ''),
(153, 'SA153', '', '', 0, 0, 0, 0, '', '', '', '', '', ''),
(154, 'SA154', '', '', 0, 0, 0, 0, '', '', '', '', '', ''),
(155, 'SA155', '', '', 0, 0, 0, 0, '', '', '', '', '', ''),
(156, 'SA156', '', '', 0, 0, 0, 0, '', '', '', '', '', ''),
(157, 'SA157', '', '', 0, 0, 0, 0, '', '', '', '', '', ''),
(158, 'SA158', '', '', 0, 0, 0, 0, '', '', '', '', '', ''),
(159, 'SA159', '', '', 0, 0, 0, 0, '', '', '', '', '', ''),
(160, 'SA160', '', '', 0, 0, 0, 0, '', '', '', '', '', ''),
(161, 'SA161', '', '', 0, 0, 0, 0, '', '', '', '', '', ''),
(162, 'SA162', '', '', 0, 0, 0, 0, '', '', '', '', '', ''),
(163, 'SA163', '', '', 0, 0, 0, 0, '', '', '', '', '', ''),
(164, 'SA164', '', '', 0, 0, 0, 0, '', '', '', '', '', ''),
(165, 'SA165', '', '', 0, 0, 0, 0, '', '', '', '', '', ''),
(166, 'SA166', '', '', 0, 0, 0, 0, '', '', '', '', '', ''),
(167, 'SA167', '', '', 0, 0, 0, 0, '', '', '', '', '', ''),
(168, 'SA168', '', '', 0, 0, 0, 0, '', '', '', '', '', ''),
(169, 'SA169', '', '', 0, 0, 0, 0, '', '', '', '', '', ''),
(170, 'SA170', '', '', 0, 0, 0, 0, '', '', '', '', '', ''),
(171, 'SA171', '', '', 0, 0, 0, 0, '', '', '', '', '', ''),
(172, 'SA172', '', '', 0, 0, 0, 0, '', '', '', '', '', ''),
(173, 'SA173', '', '', 0, 0, 0, 0, '', '', '', '', '', ''),
(174, 'SA174', '', '', 0, 0, 0, 0, '', '', '', '', '', ''),
(175, 'SA175', '', '', 0, 0, 0, 0, '', '', '', '', '', ''),
(176, 'SA176', '', '', 0, 0, 0, 0, '', '', '', '', '', ''),
(177, 'SA177', '', '', 0, 0, 0, 0, '', '', '', '', '', ''),
(178, 'SA178', '', '', 0, 0, 0, 0, '', '', '', '', '', ''),
(179, 'SA179', '', '', 0, 0, 0, 0, '', '', '', '', '', ''),
(180, 'SA180', '', '', 0, 0, 0, 0, '', '', '', '', '', ''),
(181, 'SA181', '', '', 0, 0, 0, 0, '', '', '', '', '', ''),
(182, 'SA182', '', '', 0, 0, 0, 0, '', '', '', '', '', ''),
(183, 'SA183', '', '', 0, 0, 0, 0, '', '', '', '', '', ''),
(184, 'SA184', '', '', 0, 0, 0, 0, '', '', '', '', '', ''),
(185, 'SA185', '', '', 0, 0, 0, 0, '', '', '', '', '', ''),
(186, 'SA186', '', '', 0, 0, 0, 0, '', '', '', '', '', ''),
(187, 'SA187', '', '', 0, 0, 0, 0, '', '', '', '', '', ''),
(188, 'SA188', '', '', 0, 0, 0, 0, '', '', '', '', '', ''),
(189, 'SA189', '', '', 0, 0, 0, 0, '', '', '', '', '', ''),
(190, 'SA190', '', '', 0, 0, 0, 0, '', '', '', '', '', ''),
(191, 'SA191', '', '', 0, 0, 0, 0, '', '', '', '', '', ''),
(192, 'SA192', '', '', 0, 0, 0, 0, '', '', '', '', '', ''),
(193, 'SA193', '', '', 0, 0, 0, 0, '', '', '', '', '', ''),
(194, 'SA194', '', '', 0, 0, 0, 0, '', '', '', '', '', ''),
(195, 'SA195', '', '', 0, 0, 0, 0, '', '', '', '', '', ''),
(196, 'SA196', '', '', 0, 0, 0, 0, '', '', '', '', '', ''),
(197, 'SA197', '', '', 0, 0, 0, 0, '', '', '', '', '', ''),
(198, 'SA198', '', '', 0, 0, 0, 0, '', '', '', '', '', ''),
(199, 'SA199', '', '', 0, 0, 0, 0, '', '', '', '', '', ''),
(200, 'SA200', '', '', 0, 0, 0, 0, '', '', '', '', '', ''),
(201, 'SA201', '', '', 0, 0, 0, 0, '', '', '', '', '', ''),
(202, 'SA202', '', '', 0, 0, 0, 0, '', '', '', '', '', ''),
(203, 'SA203', '', '', 0, 0, 0, 0, '', '', '', '', '', ''),
(204, 'SA204', '', '', 0, 0, 0, 0, '', '', '', '', '', ''),
(205, 'SA205', '', '', 0, 0, 0, 0, '', '', '', '', '', ''),
(206, 'SA206', '', '', 0, 0, 0, 0, '', '', '', '', '', ''),
(207, 'SA207', '', '', 0, 0, 0, 0, '', '', '', '', '', ''),
(208, 'SA208', '', '', 0, 0, 0, 0, '', '', '', '', '', ''),
(209, 'SA209', '', '', 0, 0, 0, 0, '', '', '', '', '', ''),
(210, 'SA210', '', '', 0, 0, 0, 0, '', '', '', '', '', ''),
(211, 'SA211', '', '', 0, 0, 0, 0, '', '', '', '', '', ''),
(212, 'SA212', '', '', 0, 0, 0, 0, '', '', '', '', '', ''),
(213, 'SA213', '', '', 0, 0, 0, 0, '', '', '', '', '', ''),
(214, 'SA214', '', '', 0, 0, 0, 0, '', '', '', '', '', ''),
(215, 'SA215', '', '', 0, 0, 0, 0, '', '', '', '', '', ''),
(216, 'SA216', '', '', 0, 0, 0, 0, '', '', '', '', '', ''),
(217, 'SA217', '', '', 0, 0, 0, 0, '', '', '', '', '', ''),
(218, 'SA218', '', '', 0, 0, 0, 0, '', '', '', '', '', ''),
(219, 'SA219', '', '', 0, 0, 0, 0, '', '', '', '', '', ''),
(220, 'SA220', '', '', 0, 0, 0, 0, '', '', '', '', '', ''),
(221, 'SA221', '', '', 0, 0, 0, 0, '', '', '', '', '', ''),
(222, 'SA222', '', '', 0, 0, 0, 0, '', '', '', '', '', ''),
(223, 'SA223', '', '', 0, 0, 0, 0, '', '', '', '', '', ''),
(224, 'SA224', '', '', 0, 0, 0, 0, '', '', '', '', '', ''),
(225, 'SA225', '', '', 0, 0, 0, 0, '', '', '', '', '', ''),
(226, 'SA226', '', '', 0, 0, 0, 0, '', '', '', '', '', ''),
(227, 'SA227', '', '', 0, 0, 0, 0, '', '', '', '', '', ''),
(228, 'SA228', '', '', 0, 0, 0, 0, '', '', '', '', '', ''),
(229, 'SA229', '', '', 0, 0, 0, 0, '', '', '', '', '', ''),
(230, 'SA230', '', '', 0, 0, 0, 0, '', '', '', '', '', ''),
(231, 'SA231', '', '', 0, 0, 0, 0, '', '', '', '', '', ''),
(232, 'SA232', '', '', 0, 0, 0, 0, '', '', '', '', '', ''),
(233, 'SA233', '', '', 0, 0, 0, 0, '', '', '', '', '', ''),
(234, 'SA234', '', '', 0, 0, 0, 0, '', '', '', '', '', ''),
(235, 'SA235', '', '', 0, 0, 0, 0, '', '', '', '', '', ''),
(236, 'SA236', '', '', 0, 0, 0, 0, '', '', '', '', '', ''),
(237, 'SA237', '', '', 0, 0, 0, 0, '', '', '', '', '', ''),
(238, 'SA238', '', '', 0, 0, 0, 0, '', '', '', '', '', ''),
(239, 'SA239', '', '', 0, 0, 0, 0, '', '', '', '', '', ''),
(240, 'SA240', '', '', 0, 0, 0, 0, '', '', '', '', '', ''),
(241, 'SA241', '', '', 0, 0, 0, 0, '', '', '', '', '', ''),
(242, 'SA242', '', '', 0, 0, 0, 0, '', '', '', '', '', ''),
(243, 'SA243', '', '', 0, 0, 0, 0, '', '', '', '', '', ''),
(244, 'SA244', '', '', 0, 0, 0, 0, '', '', '', '', '', ''),
(245, 'SA245', '', '', 0, 0, 0, 0, '', '', '', '', '', ''),
(246, 'SA246', '', '', 0, 0, 0, 0, '', '', '', '', '', ''),
(247, 'SA247', '', '', 0, 0, 0, 0, '', '', '', '', '', ''),
(248, 'SA248', '', '', 0, 0, 0, 0, '', '', '', '', '', ''),
(249, 'SA249', '', '', 0, 0, 0, 0, '', '', '', '', '', ''),
(250, 'SA250', '', '', 0, 0, 0, 0, '', '', '', '', '', ''),
(251, 'SA251', '', '', 0, 0, 0, 0, '', '', '', '', '', ''),
(252, 'SA252', '', '', 0, 0, 0, 0, '', '', '', '', '', ''),
(253, 'SA253', '', '', 0, 0, 0, 0, '', '', '', '', '', ''),
(254, 'SA254', '', '', 0, 0, 0, 0, '', '', '', '', '', ''),
(255, 'SA255', '', '', 0, 0, 0, 0, '', '', '', '', '', ''),
(256, 'SA256', '', '', 0, 0, 0, 0, '', '', '', '', '', ''),
(257, 'SA257', '', '', 0, 0, 0, 0, '', '', '', '', '', ''),
(258, 'SA258', '', '', 0, 0, 0, 0, '', '', '', '', '', ''),
(259, 'SA259', '', '', 0, 0, 0, 0, '', '', '', '', '', ''),
(260, 'SA260', '', '', 0, 0, 0, 0, '', '', '', '', '', ''),
(261, 'SA261', '', '', 0, 0, 0, 0, '', '', '', '', '', ''),
(262, 'SA262', '', '', 0, 0, 0, 0, '', '', '', '', '', ''),
(263, 'SA263', '', '', 0, 0, 0, 0, '', '', '', '', '', ''),
(264, 'SA264', '', '', 0, 0, 0, 0, '', '', '', '', '', ''),
(265, 'SA265', '', '', 0, 0, 0, 0, '', '', '', '', '', ''),
(266, 'SA266', '', '', 0, 0, 0, 0, '', '', '', '', '', ''),
(267, 'SA267', '', '', 0, 0, 0, 0, '', '', '', '', '', ''),
(268, 'SA268', '', '', 0, 0, 0, 0, '', '', '', '', '', ''),
(269, 'SA269', '', '', 0, 0, 0, 0, '', '', '', '', '', ''),
(270, 'SA270', '', '', 0, 0, 0, 0, '', '', '', '', '', ''),
(271, 'SA271', '', '', 0, 0, 0, 0, '', '', '', '', '', ''),
(272, 'SA272', '', '', 0, 0, 0, 0, '', '', '', '', '', ''),
(273, 'SA273', '', '', 0, 0, 0, 0, '', '', '', '', '', ''),
(274, 'SA274', '', '', 0, 0, 0, 0, '', '', '', '', '', ''),
(275, 'SA275', '', '', 0, 0, 0, 0, '', '', '', '', '', ''),
(276, 'SA276', '', '', 0, 0, 0, 0, '', '', '', '', '', ''),
(277, 'SA277', '', '', 0, 0, 0, 0, '', '', '', '', '', ''),
(278, 'SA278', '', '', 0, 0, 0, 0, '', '', '', '', '', ''),
(279, 'SA279', '', '', 0, 0, 0, 0, '', '', '', '', '', ''),
(280, 'SA280', '', '', 0, 0, 0, 0, '', '', '', '', '', ''),
(281, 'SA281', '', '', 0, 0, 0, 0, '', '', '', '', '', ''),
(282, 'SA282', '', '', 0, 0, 0, 0, '', '', '', '', '', ''),
(283, 'SA283', '', '', 0, 0, 0, 0, '', '', '', '', '', ''),
(284, 'SA284', '', '', 0, 0, 0, 0, '', '', '', '', '', ''),
(285, 'SA285', '', '', 0, 0, 0, 0, '', '', '', '', '', ''),
(286, 'SA286', '', '', 0, 0, 0, 0, '', '', '', '', '', ''),
(287, 'SA287', '', '', 0, 0, 0, 0, '', '', '', '', '', ''),
(288, 'SA288', '', '', 0, 0, 0, 0, '', '', '', '', '', ''),
(289, 'SA289', '', '', 0, 0, 0, 0, '', '', '', '', '', ''),
(290, 'SA290', '', '', 0, 0, 0, 0, '', '', '', '', '', ''),
(291, 'SA291', '', '', 0, 0, 0, 0, '', '', '', '', '', ''),
(292, 'SA292', '', '', 0, 0, 0, 0, '', '', '', '', '', ''),
(293, 'SA293', '', '', 0, 0, 0, 0, '', '', '', '', '', ''),
(294, 'SA294', '', '', 0, 0, 0, 0, '', '', '', '', '', ''),
(295, 'SA295', '', '', 0, 0, 0, 0, '', '', '', '', '', ''),
(296, 'SA296', '', '', 0, 0, 0, 0, '', '', '', '', '', ''),
(297, 'SA297', '', '', 0, 0, 0, 0, '', '', '', '', '', ''),
(298, 'SA298', '', '', 0, 0, 0, 0, '', '', '', '', '', ''),
(299, 'SA299', '', '', 0, 0, 0, 0, '', '', '', '', '', ''),
(300, 'SA300', '', '', 0, 0, 0, 0, '', '', '', '', '', ''),
(301, 'SA301', '', '', 0, 0, 0, 0, '', '', '', '', '', ''),
(302, 'SA302', '', '', 0, 0, 0, 0, '', '', '', '', '', ''),
(303, 'SA303', '', '', 0, 0, 0, 0, '', '', '', '', '', ''),
(304, 'SA304', '', '', 0, 0, 0, 0, '', '', '', '', '', ''),
(305, 'SA305', '', '', 0, 0, 0, 0, '', '', '', '', '', ''),
(306, 'SA306', '', '', 0, 0, 0, 0, '', '', '', '', '', ''),
(307, 'SA307', '', '', 0, 0, 0, 0, '', '', '', '', '', ''),
(308, 'SA308', '', '', 0, 0, 0, 0, '', '', '', '', '', ''),
(309, 'SA309', '', '', 0, 0, 0, 0, '', '', '', '', '', ''),
(310, 'SA310', '', '', 0, 0, 0, 0, '', '', '', '', '', ''),
(311, 'SA311', '', '', 0, 0, 0, 0, '', '', '', '', '', ''),
(312, 'SA312', '', '', 0, 0, 0, 0, '', '', '', '', '', ''),
(313, 'SA313', '', '', 0, 0, 0, 0, '', '', '', '', '', ''),
(314, 'SA314', '', '', 0, 0, 0, 0, '', '', '', '', '', ''),
(315, 'SA315', '', '', 0, 0, 0, 0, '', '', '', '', '', ''),
(316, 'SA316', '', '', 0, 0, 0, 0, '', '', '', '', '', ''),
(317, 'SA317', '', '', 0, 0, 0, 0, '', '', '', '', '', ''),
(318, 'SA318', '', '', 0, 0, 0, 0, '', '', '', '', '', ''),
(319, 'SA319', '', '', 0, 0, 0, 0, '', '', '', '', '', ''),
(320, 'SA320', '', '', 0, 0, 0, 0, '', '', '', '', '', ''),
(321, 'SA321', '', '', 0, 0, 0, 0, '', '', '', '', '', ''),
(322, 'SA322', '', '', 0, 0, 0, 0, '', '', '', '', '', ''),
(323, 'SA323', '', '', 0, 0, 0, 0, '', '', '', '', '', ''),
(324, 'SA324', '', '', 0, 0, 0, 0, '', '', '', '', '', ''),
(325, 'SA325', '', '', 0, 0, 0, 0, '', '', '', '', '', ''),
(326, 'SA326', '', '', 0, 0, 0, 0, '', '', '', '', '', ''),
(327, 'SA327', '', '', 0, 0, 0, 0, '', '', '', '', '', ''),
(328, 'SA328', '', '', 0, 0, 0, 0, '', '', '', '', '', ''),
(329, 'SA329', '', '', 0, 0, 0, 0, '', '', '', '', '', ''),
(330, 'SA330', '', '', 0, 0, 0, 0, '', '', '', '', '', ''),
(331, 'SA331', '', '', 0, 0, 0, 0, '', '', '', '', '', ''),
(332, 'SA332', '', '', 0, 0, 0, 0, '', '', '', '', '', ''),
(333, 'SA333', '', '', 0, 0, 0, 0, '', '', '', '', '', '');

-- --------------------------------------------------------

--
-- Table structure for table `t_sis_air_minum`
--

CREATE TABLE `t_sis_air_minum` (
  `id` int(50) NOT NULL,
  `id_sa` varchar(50) NOT NULL,
  `sumber_air` varchar(30) NOT NULL,
  `arah_mata_air` varchar(30) NOT NULL,
  `kedalaman` varchar(30) NOT NULL,
  `debit_liter` varchar(30) NOT NULL,
  `debit_detik` varchar(30) NOT NULL,
  `debit_air` varchar(30) NOT NULL,
  `pjg_pipa` varchar(30) NOT NULL,
  `kebersihan` enum('terawat','kurang terawat','tidak terawat') NOT NULL,
  `fungsi` enum('berfungsi','tidak berfungsi') NOT NULL,
  `kondisi` enum('baik','sebagian rusak','rusak') NOT NULL,
  `pemeliharaan` enum('ada dan rutin','ada dan tidak rutin','tidak ada') NOT NULL,
  `penjelasan_sam` text NOT NULL
) ENGINE=InnoDB DEFAULT CHARSET=latin1;

--
-- Dumping data for table `t_sis_air_minum`
--

INSERT INTO `t_sis_air_minum` (`id`, `id_sa`, `sumber_air`, `arah_mata_air`, `kedalaman`, `debit_liter`, `debit_detik`, `debit_air`, `pjg_pipa`, `kebersihan`, `fungsi`, `kondisi`, `pemeliharaan`, `penjelasan_sam`) VALUES
(1, 'id_sa', 'sumber_air', 'arah_mata_air', 'kedalaman', 'debit_liter', 'debit_detik', 'debit_air', 'pjg_pipa', '', '', '', '', 'penjelasan'),
(2, 'SA2', 'Mata air', '140', '-', '3', '22.6', '0.13', '', 'terawat', 'berfungsi', 'baik', '', 'pemeliharaan dengan cara gotong royong sesama'),
(3, 'SA3', 'Mata air', '230', '-', '3', '19.21', '0.16', '', 'tidak terawat', 'berfungsi', 'sebagian rusak', 'tidak ada', 'bangunan tidak terawat dan kotor'),
(4, 'SA4', 'Mata air', '65', '-', '600', '9.3', '0.06', '', 'kurang terawat', 'berfungsi', 'rusak', 'tidak ada', 'karena pengelola bersifat individu.'),
(5, 'SA5', 'Air Tanah', '75', '-', '7500', '900', '8.33', '', 'terawat', 'berfungsi', 'sebagian rusak', '', 'pipa kadang tersumbat'),
(6, 'SA6', 'Air Tanah', '15', '44', '-', '-', '-', '1000', 'tidak terawat', 'tidak berfungsi', 'rusak', 'tidak ada', 'Air tidak ada'),
(7, 'SA7', 'Air Tanah', '110', '15', '-', '-', '-', '', 'tidak terawat', 'tidak berfungsi', 'rusak', 'tidak ada', 'Air tidak ada'),
(8, 'SA8', 'Mata air', '15', '-', '3', '5.97', '0.5', '', 'tidak terawat', 'berfungsi', 'sebagian rusak', 'tidak ada', ''),
(9, 'SA9', '', '15', '-', '4', '2.94', '1.36', '', '', '', '', '', ''),
(10, 'SA10', 'Mata air', '180', '-', '3', '9.63', '0.31', '', 'terawat', 'berfungsi', 'baik', '', 'pengelolaan 2 minggu sekali rutin'),
(11, 'SA11', 'Mata air', '135', '-', '600', '5.78', '0.1', '', '', '', '', '', 'tidak ada bangunan'),
(12, 'SA12', '', '210', '-', '600', '5.85', '0.1', '', '', '', '', '', 'tidak ada bangunan'),
(13, 'SA13', 'Mata air', '25', '-', '600', '20.6', '0.03', '', 'kurang terawat', 'berfungsi', 'baik', 'tidak ada', 'warga menggunakan untuk mencuci, MCK dll'),
(14, 'SA14', 'Mata air', '25', '-', '-', '-', '-', '', 'tidak terawat', 'tidak berfungsi', 'rusak', 'tidak ada', 'bangunan tidak berguna, mata air mati'),
(15, 'SA15', 'Mata air', '70', '-', '3', '14.45', '0.21', '', '', '', '', '', 'hanya bersifat distribusi air dari sumber menggunakan selang'),
(16, 'SA16', 'Mata air', '115', '-', '3', '10.36', '0.29', '', '', '', '', '', 'tidak ada bangunan'),
(17, 'SA17', 'Mata air', '30', '-', '-', '-', '10', '', 'tidak terawat', 'berfungsi', 'rusak', '', 'swadaya masyarakat'),
(18, 'SA18', 'Mata air', '40', '-', '-', '-', '10', '', 'terawat', 'berfungsi', 'baik', '', 'dibangun oleh DKM'),
(19, 'SA19', 'Mata air', '110', '-', '-', '-', '10', '', 'kurang terawat', 'berfungsi', 'sebagian rusak', '', ''),
(20, 'SA20', 'Mata air', '200', '-', '-', '-', '10', '', 'kurang terawat', 'berfungsi', 'sebagian rusak', '', ''),
(21, 'SA21', 'Mata air', '240', '-', '-', '-', '10', '', '', '', '', '', ''),
(22, 'SA22', 'Mata air', '175', '-', '-', '-', '10', '', 'terawat', 'berfungsi', 'baik', '', ''),
(23, 'SA23', 'Mata air', '120', '-', '0.6', '21.23', '0.03', '', 'tidak terawat', '', 'rusak', 'tidak ada', 'bangunan tidak terawat, mata air hanya dialirkan dengan pipa, digunakan untuk MCK oleh warga'),
(24, 'SA24', 'Mata air', '35', '-', '0.6', '15.19', '0.04', '', 'tidak terawat', '', 'sebagian rusak', 'tidak ada', 'bangunan tidak layak'),
(25, 'SA25', 'Mata air', '15', '-', '0.6', '9.66', '0.06', '', 'kurang terawat', 'berfungsi', 'sebagian rusak', '', 'tidak dikelola dengan baik'),
(26, 'SA26', 'Mata air', '40', '-', '0.6', '9.66', '0.06', '', 'kurang terawat', 'berfungsi', 'sebagian rusak', '', 'tidak dikelola dengan baik'),
(27, 'SA27', 'Mata air', '140', '-', '0.6', '9.66', '0.06', '', 'kurang terawat', 'berfungsi', 'sebagian rusak', '', 'tidak dikelola dengan baik'),
(28, 'SA28', 'Mata air', '165', '-', '0.6', '6.3', '0.1', '', 'kurang terawat', 'berfungsi', 'sebagian rusak', 'tidak ada', 'mesin rusak'),
(29, 'SA29', 'Mata air', '110', '-', '-', '-', '-', '', '', '', '', '', 'air tidak ada'),
(30, 'SA30', 'Mata air', '170', '-', '-', '-', '-', '', '', '', '', '', 'air tidak ada'),
(31, 'SA31', 'Mata air', '160', '-', '0.6', '5.4', '0.11', '', 'kurang terawat', '', 'sebagian rusak', 'tidak ada', ''),
(32, 'SA32', 'Mata Air', '65', '', '1', '60', '0.02', '', 'terawat', 'tidak berfungsi', 'baik', '', 'Sarana Eksisting  tidak berfungsi sehingga tidak bisa di manfaatkan oleh masyarakat di karenakan air tidak mengalir yang di sebabkan hilangnya mesin pompa dan kapasitas listrik yang tidak memadai.'),
(34, 'SA34', 'Mata Air', '150', '', '3', '3.52', '0.85', '', 'terawat', 'berfungsi', 'baik', '', 'Mata Air di tampung melalui bak penampung dan di manfaatkan oleh masyarakat secara komunal'),
(35, 'SA35', 'Mata Air', '280', '', '3', '33.8', '0.09', '', 'terawat', 'berfungsi', 'baik', '', 'Mata Air di tampung melalui bak penampung dan di manfaatkan oleh masyarakat secara komunal'),
(36, 'SA36', 'Mata Air', '15', '', '2', '5.75', '0.35', '', 'terawat', 'berfungsi', 'baik', '', 'Mata Air di tampung melalui bak penampung dan di manfaatkan oleh masyarakat secara komunal'),
(37, 'SA37', 'Mata Air', '260', '', '5', '60', '0.08', '', 'kurang terawat', 'berfungsi', 'baik', 'tidak ada', 'Mata Air di tampung melalui bak penampung dan di manfaatkan oleh masyarakat secara komunal'),
(38, 'SA38', 'Mata Air', '30', '', '3', '13', '0.23', '', 'terawat', 'berfungsi', 'baik', '', 'Mata Air di tampung melalui bak penampung dan di manfaatkan oleh masyarakat secara komunal'),
(39, 'SA39', 'Mata Air', '190', '', '', '', '-', '', 'kurang terawat', 'berfungsi', 'sebagian rusak', '', 'Mata Air di tampung melalui bak penampung dan di manfaatkan oleh masyarakat secara komunal'),
(40, 'SA40', 'Mata Air', '55', '', '1', '19', '0.05', '', 'terawat', 'berfungsi', 'baik', '', 'Mata Air di tampung melalui bak penampung dan di alirkan ke setiap rumah melalui pipa'),
(41, 'SA41', 'Mata Air', '232', '', '3', '3.8', '0.79', '', 'terawat', 'berfungsi', 'baik', '', 'Mata Air di tampung melalui bak penampung dan di alirkan ke setiap rumah melalui pipa'),
(42, 'SA42', 'Air Permukaan', '12', '', '', '', '-', '', 'kurang terawat', 'berfungsi', 'sebagian rusak', '', 'Air berasal dari irigasi sungai dan di alirkan oleh pipa di tampung dengan bak penampung, dan di alirkan kerumah warga'),
(43, 'SA43', 'Mata Air', '20', '', '3', '11', '0.27', '', 'terawat', 'berfungsi', 'baik', '', 'Mata Air di tampung melalui bak penampung dan di manfaatkan oleh masyarakat secara komunal'),
(44, 'SA44', 'Mata Air', '20', '', '', '', '8.33', '', 'terawat', 'berfungsi', 'baik', '', 'Mata Air di olah dengan instalasi pengolahan air dan di alirkan ke setiap rumah melalui pipa'),
(45, 'SA45', 'Mata Air', '85', '', '', '', '', '', 'terawat', 'berfungsi', 'baik', '', 'Mata Air di tampung melalui bak penampung dan di alirkan ke setiap rumah melalui pipa'),
(46, 'SA46', 'Mata Air', '130', '', '3', '25', '0.12', '', 'kurang terawat', 'berfungsi', 'baik', '', 'Mata Air di tampung melalui bak penampung dan di manfaatkan oleh masyarakat secara komunal'),
(47, 'SA47', 'Mata Air', '', '', '', '', '-', '', 'terawat', 'berfungsi', 'baik', '', 'Mata Air di tampung melalui bak penampung dan di manfaatkan oleh masyarakat secara komunal'),
(48, 'SA48', 'Mata Air', '290', '', '', '', '-', '', 'kurang terawat', 'berfungsi', 'baik', '', 'Mata Air di tampung melalui bak penampung dan di manfaatkan oleh masyarakat secara komunal'),
(49, 'SA49', 'Mata Air', '', '', '', '', '-', '', 'terawat', 'berfungsi', 'baik', '', 'Mata Air di tampung melalui bak penampung dan di manfaatkan oleh masyarakat secara komunal'),
(50, 'SA50', 'Mata Air', '120', '', '3', '21', '0.14', '', 'kurang terawat', 'berfungsi', 'baik', '', 'Mata Air muncul ke permukaan dan di manfaat oleh masyarakat secara komunal'),
(51, '', 'Mata Air', '65', '', '1', '60', '0.02', '', 'terawat', 'tidak berfungsi', 'baik', '', 'Sarana Eksisting  tidak berfungsi sehingga tidak bisa di manfaatkan oleh masyarakat di karenakan air tidak mengalir yang di sebabkan hilangnya mesin pompa dan kapasitas listrik yang tidak memadai.'),
(52, '', 'Mata Air', '65', '', '1', '60', '0.02', '', 'terawat', 'tidak berfungsi', 'baik', '', 'Sarana Eksisting  tidak berfungsi sehingga tidak bisa di manfaatkan oleh masyarakat di karenakan air tidak mengalir yang di sebabkan hilangnya mesin pompa dan kapasitas listrik yang tidak memadai.'),
(53, '', 'Mata Air', '65', '', '1', '60', '0.02', '', 'terawat', 'tidak berfungsi', 'baik', '', 'Sarana Eksisting  tidak berfungsi sehingga tidak bisa di manfaatkan oleh masyarakat di karenakan air tidak mengalir yang di sebabkan hilangnya mesin pompa dan kapasitas listrik yang tidak memadai.'),
(54, '', 'Mata Air', '65', '', '1', '60', '0.02', '', 'terawat', 'tidak berfungsi', 'baik', '', 'Sarana Eksisting  tidak berfungsi sehingga tidak bisa di manfaatkan oleh masyarakat di karenakan air tidak mengalir yang di sebabkan hilangnya mesin pompa dan kapasitas listrik yang tidak memadai.'),
(55, 'SA55', '', '', '', '', '', '', '', '', '', '', '', ''),
(56, 'SA56', '', '', '', '', '', '', '', '', '', '', '', ''),
(57, 'SA57', '', '', '', '', '', '', '', '', '', '', '', ''),
(58, 'SA58', '', '', '', '', '', '', '', '', '', '', '', ''),
(59, 'SA59', '', '', '', '', '', '', '', '', '', '', '', ''),
(60, 'SA60', '', '', '', '', '', '', '', '', '', '', '', ''),
(61, 'SA61', '', '', '', '', '', '', '', '', '', '', '', ''),
(62, 'SA62', '', '', '', '', '', '', '', '', '', '', '', ''),
(63, 'SA63', '', '', '', '', '', '', '', '', '', '', '', ''),
(64, 'SA64', '', '', '', '', '', '', '', '', '', '', '', ''),
(65, 'SA65', '', '', '', '', '', '', '', '', '', '', '', ''),
(66, 'SA66', '', '', '', '', '', '', '', '', '', '', '', ''),
(67, 'SA67', '', '', '', '', '', '', '', '', '', '', '', ''),
(68, 'SA68', '', '', '', '', '', '', '', '', '', '', '', ''),
(69, 'SA69', '', '', '', '', '', '', '', '', '', '', '', ''),
(70, 'SA70', '', '', '', '', '', '', '', '', '', '', '', ''),
(71, 'SA71', '', '', '', '', '', '', '', '', '', '', '', ''),
(72, 'SA72', '', '', '', '', '', '', '', '', '', '', '', ''),
(73, 'SA73', '', '', '', '', '', '', '', '', '', '', '', ''),
(74, 'SA74', '', '', '', '', '', '', '', '', '', '', '', ''),
(75, 'SA75', '', '', '', '', '', '', '', '', '', '', '', ''),
(76, 'SA76', '', '', '', '', '', '', '', '', '', '', '', ''),
(77, 'SA77', '', '', '', '', '', '', '', '', '', '', '', ''),
(78, 'SA78', '', '', '', '', '', '', '', '', '', '', '', ''),
(79, 'SA79', '', '', '', '', '', '', '', '', '', '', '', ''),
(80, 'SA80', '', '', '', '', '', '', '', '', '', '', '', ''),
(81, 'SA81', '', '', '', '', '', '', '', '', '', '', '', ''),
(82, 'SA82', '', '', '', '', '', '', '', '', '', '', '', ''),
(83, 'SA83', '', '', '', '', '', '', '', '', '', '', '', ''),
(84, 'SA84', '', '', '', '', '', '', '', '', '', '', '', ''),
(85, 'SA85', '', '', '', '', '', '', '', '', '', '', '', ''),
(86, 'SA86', '', '', '', '', '', '', '', '', '', '', '', ''),
(87, 'SA87', '', '', '', '', '', '', '', '', '', '', '', ''),
(88, 'SA88', '', '', '', '', '', '', '', '', '', '', '', ''),
(89, 'SA89', '', '', '', '', '', '', '', '', '', '', '', ''),
(90, 'SA90', '', '', '', '', '', '', '', '', '', '', '', ''),
(91, 'SA91', '', '', '', '', '', '', '', '', '', '', '', ''),
(92, 'SA92', '', '', '', '', '', '', '', '', '', '', '', ''),
(93, 'SA93', '', '', '', '', '', '', '', '', '', '', '', ''),
(94, 'SA94', '', '', '', '', '', '', '', '', '', '', '', ''),
(95, 'SA95', '', '', '', '', '', '', '', '', '', '', '', ''),
(96, 'SA96', '', '', '', '', '', '', '', '', '', '', '', ''),
(97, 'SA97', '', '', '', '', '', '', '', '', '', '', '', ''),
(98, 'SA98', '', '', '', '', '', '', '', '', '', '', '', ''),
(99, 'SA99', '', '', '', '', '', '', '', '', '', '', '', ''),
(100, 'SA100', '', '', '', '', '', '', '', '', '', '', '', ''),
(101, 'SA101', '', '', '', '', '', '', '', '', '', '', '', ''),
(102, 'SA102', '', '', '', '', '', '', '', '', '', '', '', ''),
(103, 'SA103', '', '', '', '', '', '', '', '', '', '', '', ''),
(104, 'SA104', '', '', '', '', '', '', '', '', '', '', '', ''),
(105, 'SA105', '', '', '', '', '', '', '', '', '', '', '', ''),
(106, 'SA106', '', '', '', '', '', '', '', '', '', '', '', ''),
(107, 'SA107', '', '', '', '', '', '', '', '', '', '', '', ''),
(108, 'SA108', '', '', '', '', '', '', '', '', '', '', '', ''),
(109, 'SA109', '', '', '', '', '', '', '', '', '', '', '', ''),
(110, 'SA110', '', '', '', '', '', '', '', '', '', '', '', ''),
(111, 'SA111', '', '', '', '', '', '', '', '', '', '', '', ''),
(112, 'SA112', '', '', '', '', '', '', '', '', '', '', '', ''),
(113, 'SA113', '', '', '', '', '', '', '', '', '', '', '', ''),
(114, 'SA114', '', '', '', '', '', '', '', '', '', '', '', ''),
(115, 'SA115', '', '', '', '', '', '', '', '', '', '', '', ''),
(116, 'SA116', '', '', '', '', '', '', '', '', '', '', '', ''),
(117, 'SA117', '', '', '', '', '', '', '', '', '', '', '', ''),
(118, 'SA118', '', '', '', '', '', '', '', '', '', '', '', ''),
(119, 'SA119', '', '', '', '', '', '', '', '', '', '', '', ''),
(120, 'SA120', '', '', '', '', '', '', '', '', '', '', '', ''),
(121, 'SA121', '', '', '', '', '', '', '', '', '', '', '', ''),
(122, 'SA122', '', '', '', '', '', '', '', '', '', '', '', ''),
(123, 'SA123', '', '', '', '', '', '', '', '', '', '', '', ''),
(124, 'SA124', '', '', '', '', '', '', '', '', '', '', '', ''),
(125, 'SA125', '', '', '', '', '', '', '', '', '', '', '', ''),
(126, 'SA126', '', '', '', '', '', '', '', '', '', '', '', ''),
(127, 'SA127', '', '', '', '', '', '', '', '', '', '', '', ''),
(128, 'SA128', '', '', '', '', '', '', '', '', '', '', '', ''),
(129, 'SA129', '', '', '', '', '', '', '', '', '', '', '', ''),
(130, 'SA130', '', '', '', '', '', '', '', '', '', '', '', ''),
(131, 'SA131', '', '', '', '', '', '', '', '', '', '', '', ''),
(132, 'SA132', '', '', '', '', '', '', '', '', '', '', '', ''),
(133, 'SA133', '', '', '', '', '', '', '', '', '', '', '', ''),
(134, 'SA134', '', '', '', '', '', '', '', '', '', '', '', ''),
(135, 'SA135', '', '', '', '', '', '', '', '', '', '', '', ''),
(136, 'SA136', '', '', '', '', '', '', '', '', '', '', '', ''),
(137, 'SA137', '', '', '', '', '', '', '', '', '', '', '', ''),
(138, 'SA138', '', '', '', '', '', '', '', '', '', '', '', ''),
(139, 'SA139', '', '', '', '', '', '', '', '', '', '', '', ''),
(140, 'SA140', '', '', '', '', '', '', '', '', '', '', '', ''),
(141, 'SA141', '', '', '', '', '', '', '', '', '', '', '', ''),
(142, 'SA142', '', '', '', '', '', '', '', '', '', '', '', ''),
(143, 'SA143', '', '', '', '', '', '', '', '', '', '', '', ''),
(144, 'SA144', '', '', '', '', '', '', '', '', '', '', '', ''),
(145, 'SA145', '', '', '', '', '', '', '', '', '', '', '', ''),
(146, 'SA146', '', '', '', '', '', '', '', '', '', '', '', ''),
(147, 'SA147', '', '', '', '', '', '', '', '', '', '', '', ''),
(148, 'SA148', '', '', '', '', '', '', '', '', '', '', '', ''),
(149, 'SA149', '', '', '', '', '', '', '', '', '', '', '', ''),
(150, 'SA150', '', '', '', '', '', '', '', '', '', '', '', ''),
(151, 'SA151', '', '', '', '', '', '', '', '', '', '', '', ''),
(152, 'SA152', '', '', '', '', '', '', '', '', '', '', '', ''),
(153, 'SA153', '', '', '', '', '', '', '', '', '', '', '', ''),
(154, 'SA154', '', '', '', '', '', '', '', '', '', '', '', ''),
(155, 'SA155', '', '', '', '', '', '', '', '', '', '', '', ''),
(156, 'SA156', '', '', '', '', '', '', '', '', '', '', '', ''),
(157, 'SA157', '', '', '', '', '', '', '', '', '', '', '', ''),
(158, 'SA158', '', '', '', '', '', '', '', '', '', '', '', ''),
(159, 'SA159', '', '', '', '', '', '', '', '', '', '', '', ''),
(160, 'SA160', '', '', '', '', '', '', '', '', '', '', '', ''),
(161, 'SA161', '', '', '', '', '', '', '', '', '', '', '', ''),
(162, 'SA162', '', '', '', '', '', '', '', '', '', '', '', ''),
(163, 'SA163', '', '', '', '', '', '', '', '', '', '', '', ''),
(164, 'SA164', '', '', '', '', '', '', '', '', '', '', '', ''),
(165, 'SA165', '', '', '', '', '', '', '', '', '', '', '', ''),
(166, 'SA166', '', '', '', '', '', '', '', '', '', '', '', ''),
(167, 'SA167', '', '', '', '', '', '', '', '', '', '', '', ''),
(168, 'SA168', '', '', '', '', '', '', '', '', '', '', '', ''),
(169, 'SA169', '', '', '', '', '', '', '', '', '', '', '', ''),
(170, 'SA170', '', '', '', '', '', '', '', '', '', '', '', ''),
(171, 'SA171', '', '', '', '', '', '', '', '', '', '', '', ''),
(172, 'SA172', '', '', '', '', '', '', '', '', '', '', '', ''),
(173, 'SA173', '', '', '', '', '', '', '', '', '', '', '', ''),
(174, 'SA174', '', '', '', '', '', '', '', '', '', '', '', ''),
(175, 'SA175', '', '', '', '', '', '', '', '', '', '', '', ''),
(176, 'SA176', '', '', '', '', '', '', '', '', '', '', '', ''),
(177, 'SA177', '', '', '', '', '', '', '', '', '', '', '', ''),
(178, 'SA178', '', '', '', '', '', '', '', '', '', '', '', ''),
(179, 'SA179', '', '', '', '', '', '', '', '', '', '', '', ''),
(180, 'SA180', '', '', '', '', '', '', '', '', '', '', '', ''),
(181, 'SA181', '', '', '', '', '', '', '', '', '', '', '', ''),
(182, 'SA182', '', '', '', '', '', '', '', '', '', '', '', ''),
(183, 'SA183', '', '', '', '', '', '', '', '', '', '', '', ''),
(184, 'SA184', '', '', '', '', '', '', '', '', '', '', '', ''),
(185, 'SA185', '', '', '', '', '', '', '', '', '', '', '', ''),
(186, 'SA186', '', '', '', '', '', '', '', '', '', '', '', ''),
(187, 'SA187', '', '', '', '', '', '', '', '', '', '', '', ''),
(188, 'SA188', '', '', '', '', '', '', '', '', '', '', '', ''),
(189, 'SA189', '', '', '', '', '', '', '', '', '', '', '', ''),
(190, 'SA190', '', '', '', '', '', '', '', '', '', '', '', ''),
(191, 'SA191', '', '', '', '', '', '', '', '', '', '', '', ''),
(192, 'SA192', '', '', '', '', '', '', '', '', '', '', '', ''),
(193, 'SA193', '', '', '', '', '', '', '', '', '', '', '', ''),
(194, 'SA194', '', '', '', '', '', '', '', '', '', '', '', ''),
(195, 'SA195', '', '', '', '', '', '', '', '', '', '', '', ''),
(196, 'SA196', '', '', '', '', '', '', '', '', '', '', '', ''),
(197, 'SA197', '', '', '', '', '', '', '', '', '', '', '', ''),
(198, 'SA198', '', '', '', '', '', '', '', '', '', '', '', ''),
(199, 'SA199', '', '', '', '', '', '', '', '', '', '', '', ''),
(200, 'SA200', '', '', '', '', '', '', '', '', '', '', '', ''),
(201, 'SA201', '', '', '', '', '', '', '', '', '', '', '', ''),
(202, 'SA202', '', '', '', '', '', '', '', '', '', '', '', ''),
(203, 'SA203', '', '', '', '', '', '', '', '', '', '', '', ''),
(204, 'SA204', '', '', '', '', '', '', '', '', '', '', '', ''),
(205, 'SA205', '', '', '', '', '', '', '', '', '', '', '', ''),
(206, 'SA206', '', '', '', '', '', '', '', '', '', '', '', ''),
(207, 'SA207', '', '', '', '', '', '', '', '', '', '', '', ''),
(208, 'SA208', '', '', '', '', '', '', '', '', '', '', '', ''),
(209, 'SA209', '', '', '', '', '', '', '', '', '', '', '', ''),
(210, 'SA210', '', '', '', '', '', '', '', '', '', '', '', ''),
(211, 'SA211', '', '', '', '', '', '', '', '', '', '', '', ''),
(212, 'SA212', '', '', '', '', '', '', '', '', '', '', '', ''),
(213, 'SA213', '', '', '', '', '', '', '', '', '', '', '', ''),
(214, 'SA214', '', '', '', '', '', '', '', '', '', '', '', ''),
(215, 'SA215', '', '', '', '', '', '', '', '', '', '', '', ''),
(216, 'SA216', '', '', '', '', '', '', '', '', '', '', '', ''),
(217, 'SA217', '', '', '', '', '', '', '', '', '', '', '', ''),
(218, 'SA218', '', '', '', '', '', '', '', '', '', '', '', ''),
(219, 'SA219', '', '', '', '', '', '', '', '', '', '', '', ''),
(220, 'SA220', '', '', '', '', '', '', '', '', '', '', '', ''),
(221, 'SA221', '', '', '', '', '', '', '', '', '', '', '', ''),
(222, 'SA222', '', '', '', '', '', '', '', '', '', '', '', ''),
(223, 'SA223', '', '', '', '', '', '', '', '', '', '', '', ''),
(224, 'SA224', '', '', '', '', '', '', '', '', '', '', '', ''),
(225, 'SA225', '', '', '', '', '', '', '', '', '', '', '', ''),
(226, 'SA226', '', '', '', '', '', '', '', '', '', '', '', ''),
(227, 'SA227', '', '', '', '', '', '', '', '', '', '', '', ''),
(228, 'SA228', '', '', '', '', '', '', '', '', '', '', '', ''),
(229, 'SA229', '', '', '', '', '', '', '', '', '', '', '', ''),
(230, 'SA230', '', '', '', '', '', '', '', '', '', '', '', ''),
(231, 'SA231', '', '', '', '', '', '', '', '', '', '', '', ''),
(232, 'SA232', '', '', '', '', '', '', '', '', '', '', '', ''),
(233, 'SA233', '', '', '', '', '', '', '', '', '', '', '', ''),
(234, 'SA234', '', '', '', '', '', '', '', '', '', '', '', ''),
(235, 'SA235', '', '', '', '', '', '', '', '', '', '', '', ''),
(236, 'SA236', '', '', '', '', '', '', '', '', '', '', '', ''),
(237, 'SA237', '', '', '', '', '', '', '', '', '', '', '', ''),
(238, 'SA238', '', '', '', '', '', '', '', '', '', '', '', ''),
(239, 'SA239', '', '', '', '', '', '', '', '', '', '', '', ''),
(240, 'SA240', '', '', '', '', '', '', '', '', '', '', '', ''),
(241, 'SA241', '', '', '', '', '', '', '', '', '', '', '', ''),
(242, 'SA242', '', '', '', '', '', '', '', '', '', '', '', ''),
(243, 'SA243', '', '', '', '', '', '', '', '', '', '', '', ''),
(244, 'SA244', '', '', '', '', '', '', '', '', '', '', '', ''),
(245, 'SA245', '', '', '', '', '', '', '', '', '', '', '', ''),
(246, 'SA246', '', '', '', '', '', '', '', '', '', '', '', ''),
(247, 'SA247', '', '', '', '', '', '', '', '', '', '', '', ''),
(248, 'SA248', '', '', '', '', '', '', '', '', '', '', '', ''),
(249, 'SA249', '', '', '', '', '', '', '', '', '', '', '', ''),
(250, 'SA250', '', '', '', '', '', '', '', '', '', '', '', ''),
(251, 'SA251', '', '', '', '', '', '', '', '', '', '', '', ''),
(252, 'SA252', '', '', '', '', '', '', '', '', '', '', '', ''),
(253, 'SA253', '', '', '', '', '', '', '', '', '', '', '', ''),
(254, 'SA254', '', '', '', '', '', '', '', '', '', '', '', ''),
(255, 'SA255', '', '', '', '', '', '', '', '', '', '', '', ''),
(256, 'SA256', '', '', '', '', '', '', '', '', '', '', '', ''),
(257, 'SA257', '', '', '', '', '', '', '', '', '', '', '', ''),
(258, 'SA258', '', '', '', '', '', '', '', '', '', '', '', ''),
(259, 'SA259', '', '', '', '', '', '', '', '', '', '', '', ''),
(260, 'SA260', '', '', '', '', '', '', '', '', '', '', '', ''),
(261, 'SA261', '', '', '', '', '', '', '', '', '', '', '', ''),
(262, 'SA262', '', '', '', '', '', '', '', '', '', '', '', ''),
(263, 'SA263', '', '', '', '', '', '', '', '', '', '', '', ''),
(264, 'SA264', '', '', '', '', '', '', '', '', '', '', '', ''),
(265, 'SA265', '', '', '', '', '', '', '', '', '', '', '', ''),
(266, 'SA266', '', '', '', '', '', '', '', '', '', '', '', ''),
(267, 'SA267', '', '', '', '', '', '', '', '', '', '', '', ''),
(268, 'SA268', '', '', '', '', '', '', '', '', '', '', '', ''),
(269, 'SA269', '', '', '', '', '', '', '', '', '', '', '', ''),
(270, 'SA270', '', '', '', '', '', '', '', '', '', '', '', ''),
(271, 'SA271', '', '', '', '', '', '', '', '', '', '', '', ''),
(272, 'SA272', '', '', '', '', '', '', '', '', '', '', '', ''),
(273, 'SA273', '', '', '', '', '', '', '', '', '', '', '', ''),
(274, 'SA274', '', '', '', '', '', '', '', '', '', '', '', ''),
(275, 'SA275', '', '', '', '', '', '', '', '', '', '', '', ''),
(276, 'SA276', '', '', '', '', '', '', '', '', '', '', '', ''),
(277, 'SA277', '', '', '', '', '', '', '', '', '', '', '', ''),
(278, 'SA278', '', '', '', '', '', '', '', '', '', '', '', ''),
(279, 'SA279', '', '', '', '', '', '', '', '', '', '', '', ''),
(280, 'SA280', '', '', '', '', '', '', '', '', '', '', '', ''),
(281, 'SA281', '', '', '', '', '', '', '', '', '', '', '', ''),
(282, 'SA282', '', '', '', '', '', '', '', '', '', '', '', ''),
(283, 'SA283', '', '', '', '', '', '', '', '', '', '', '', ''),
(284, 'SA284', '', '', '', '', '', '', '', '', '', '', '', ''),
(285, 'SA285', '', '', '', '', '', '', '', '', '', '', '', ''),
(286, 'SA286', '', '', '', '', '', '', '', '', '', '', '', ''),
(287, 'SA287', '', '', '', '', '', '', '', '', '', '', '', ''),
(288, 'SA288', '', '', '', '', '', '', '', '', '', '', '', ''),
(289, 'SA289', '', '', '', '', '', '', '', '', '', '', '', ''),
(290, 'SA290', '', '', '', '', '', '', '', '', '', '', '', ''),
(291, 'SA291', '', '', '', '', '', '', '', '', '', '', '', ''),
(292, 'SA292', '', '', '', '', '', '', '', '', '', '', '', ''),
(293, 'SA293', '', '', '', '', '', '', '', '', '', '', '', ''),
(294, 'SA294', '', '', '', '', '', '', '', '', '', '', '', ''),
(295, 'SA295', '', '', '', '', '', '', '', '', '', '', '', ''),
(296, 'SA296', '', '', '', '', '', '', '', '', '', '', '', ''),
(297, 'SA297', '', '', '', '', '', '', '', '', '', '', '', ''),
(298, 'SA298', '', '', '', '', '', '', '', '', '', '', '', ''),
(299, 'SA299', '', '', '', '', '', '', '', '', '', '', '', ''),
(300, 'SA300', '', '', '', '', '', '', '', '', '', '', '', ''),
(301, 'SA301', '', '', '', '', '', '', '', '', '', '', '', ''),
(302, 'SA302', '', '', '', '', '', '', '', '', '', '', '', ''),
(303, 'SA303', '', '', '', '', '', '', '', '', '', '', '', ''),
(304, 'SA304', '', '', '', '', '', '', '', '', '', '', '', ''),
(305, 'SA305', '', '', '', '', '', '', '', '', '', '', '', ''),
(306, 'SA306', '', '', '', '', '', '', '', '', '', '', '', ''),
(307, 'SA307', '', '', '', '', '', '', '', '', '', '', '', ''),
(308, 'SA308', '', '', '', '', '', '', '', '', '', '', '', ''),
(309, 'SA309', '', '', '', '', '', '', '', '', '', '', '', ''),
(310, 'SA310', '', '', '', '', '', '', '', '', '', '', '', ''),
(311, 'SA311', '', '', '', '', '', '', '', '', '', '', '', ''),
(312, 'SA312', '', '', '', '', '', '', '', '', '', '', '', ''),
(313, 'SA313', '', '', '', '', '', '', '', '', '', '', '', ''),
(314, 'SA314', '', '', '', '', '', '', '', '', '', '', '', ''),
(315, 'SA315', '', '', '', '', '', '', '', '', '', '', '', ''),
(316, 'SA316', '', '', '', '', '', '', '', '', '', '', '', ''),
(317, 'SA317', '', '', '', '', '', '', '', '', '', '', '', ''),
(318, 'SA318', '', '', '', '', '', '', '', '', '', '', '', ''),
(319, 'SA319', '', '', '', '', '', '', '', '', '', '', '', ''),
(320, 'SA320', '', '', '', '', '', '', '', '', '', '', '', ''),
(321, 'SA321', '', '', '', '', '', '', '', '', '', '', '', ''),
(322, 'SA322', '', '', '', '', '', '', '', '', '', '', '', ''),
(323, 'SA323', '', '', '', '', '', '', '', '', '', '', '', ''),
(324, 'SA324', '', '', '', '', '', '', '', '', '', '', '', ''),
(325, 'SA325', '', '', '', '', '', '', '', '', '', '', '', ''),
(326, 'SA326', '', '', '', '', '', '', '', '', '', '', '', ''),
(327, 'SA327', '', '', '', '', '', '', '', '', '', '', '', ''),
(328, 'SA328', '', '', '', '', '', '', '', '', '', '', '', ''),
(329, 'SA329', '', '', '', '', '', '', '', '', '', '', '', ''),
(330, 'SA330', '', '', '', '', '', '', '', '', '', '', '', ''),
(331, 'SA331', '', '', '', '', '', '', '', '', '', '', '', ''),
(332, 'SA332', '', '', '', '', '', '', '', '', '', '', '', ''),
(333, 'SA333', '', '', '', '', '', '', '', '', '', '', '', '');

-- --------------------------------------------------------

--
-- Table structure for table `t_user`
--

CREATE TABLE `t_user` (
  `id_user` int(15) NOT NULL,
  `username` varchar(50) NOT NULL,
  `password` text NOT NULL
) ENGINE=InnoDB DEFAULT CHARSET=latin1;

--
-- Dumping data for table `t_user`
--

INSERT INTO `t_user` (`id_user`, `username`, `password`) VALUES
(1, 'admin', '21232f297a57a5a743894a0e4a801fc3');

--
-- Indexes for dumped tables
--

--
-- Indexes for table `t_ekonomi`
--
ALTER TABLE `t_ekonomi`
  ADD PRIMARY KEY (`id`);

--
-- Indexes for table `t_gambaran_daerah_pelayanan`
--
ALTER TABLE `t_gambaran_daerah_pelayanan`
  ADD PRIMARY KEY (`id`);

--
-- Indexes for table `t_jaringan_pipa`
--
ALTER TABLE `t_jaringan_pipa`
  ADD PRIMARY KEY (`id`);

--
-- Indexes for table `t_kecamatan`
--
ALTER TABLE `t_kecamatan`
  ADD PRIMARY KEY (`id_kecamatan`);

--
-- Indexes for table `t_kelurahan`
--
ALTER TABLE `t_kelurahan`
  ADD PRIMARY KEY (`id_desa`);

--
-- Indexes for table `t_lokasi`
--
ALTER TABLE `t_lokasi`
  ADD PRIMARY KEY (`id`);

--
-- Indexes for table `t_potensi_pengembangan`
--
ALTER TABLE `t_potensi_pengembangan`
  ADD PRIMARY KEY (`id`);

--
-- Indexes for table `t_sistem_pengolahan`
--
ALTER TABLE `t_sistem_pengolahan`
  ADD PRIMARY KEY (`id`);

--
-- Indexes for table `t_sis_air_minum`
--
ALTER TABLE `t_sis_air_minum`
  ADD PRIMARY KEY (`id`);

--
-- Indexes for table `t_user`
--
ALTER TABLE `t_user`
  ADD PRIMARY KEY (`id_user`);

--
-- AUTO_INCREMENT for dumped tables
--

--
-- AUTO_INCREMENT for table `t_ekonomi`
--
ALTER TABLE `t_ekonomi`
  MODIFY `id` int(11) NOT NULL AUTO_INCREMENT, AUTO_INCREMENT=334;

--
-- AUTO_INCREMENT for table `t_gambaran_daerah_pelayanan`
--
ALTER TABLE `t_gambaran_daerah_pelayanan`
  MODIFY `id` int(50) NOT NULL AUTO_INCREMENT, AUTO_INCREMENT=334;

--
-- AUTO_INCREMENT for table `t_jaringan_pipa`
--
ALTER TABLE `t_jaringan_pipa`
  MODIFY `id` int(50) NOT NULL AUTO_INCREMENT, AUTO_INCREMENT=334;

--
-- AUTO_INCREMENT for table `t_lokasi`
--
ALTER TABLE `t_lokasi`
  MODIFY `id` int(20) NOT NULL AUTO_INCREMENT, AUTO_INCREMENT=334;

--
-- AUTO_INCREMENT for table `t_potensi_pengembangan`
--
ALTER TABLE `t_potensi_pengembangan`
  MODIFY `id` int(11) NOT NULL AUTO_INCREMENT, AUTO_INCREMENT=334;

--
-- AUTO_INCREMENT for table `t_sistem_pengolahan`
--
ALTER TABLE `t_sistem_pengolahan`
  MODIFY `id` int(50) NOT NULL AUTO_INCREMENT, AUTO_INCREMENT=334;

--
-- AUTO_INCREMENT for table `t_sis_air_minum`
--
ALTER TABLE `t_sis_air_minum`
  MODIFY `id` int(50) NOT NULL AUTO_INCREMENT, AUTO_INCREMENT=334;

--
-- AUTO_INCREMENT for table `t_user`
--
ALTER TABLE `t_user`
  MODIFY `id_user` int(15) NOT NULL AUTO_INCREMENT, AUTO_INCREMENT=2;
COMMIT;

/*!40101 SET CHARACTER_SET_CLIENT=@OLD_CHARACTER_SET_CLIENT */;
/*!40101 SET CHARACTER_SET_RESULTS=@OLD_CHARACTER_SET_RESULTS */;
/*!40101 SET COLLATION_CONNECTION=@OLD_COLLATION_CONNECTION */;
